지점,지점명,일시,평균기온(°C),일강수량(mm)
105,강릉,2011-01-01,-1.5,6
105,강릉,2011-01-02,.6,.5
105,강릉,2011-01-03,-.9,6.5
105,강릉,2011-01-04,-.1,
105,강릉,2011-01-05,-.6,
105,강릉,2011-01-06,-3.5,
105,강릉,2011-01-07,-2.3,
105,강릉,2011-01-08,.5,
105,강릉,2011-01-09,-1.3,
105,강릉,2011-01-10,-3.5,
105,강릉,2011-01-11,-1.3,
105,강릉,2011-01-12,-3.7,
105,강릉,2011-01-13,-2.9,
105,강릉,2011-01-14,-.1,
105,강릉,2011-01-15,-7.7,
105,강릉,2011-01-16,-8.8,
105,강릉,2011-01-17,-3.7,
105,강릉,2011-01-18,-3.1,
105,강릉,2011-01-19,-3,
105,강릉,2011-01-20,-4.4,
105,강릉,2011-01-21,-2.5,
105,강릉,2011-01-22,-.9,
105,강릉,2011-01-23,-.6,
105,강릉,2011-01-24,-3,
105,강릉,2011-01-25,-3.8,
105,강릉,2011-01-26,-3.6,
105,강릉,2011-01-27,-3.7,
105,강릉,2011-01-28,-3.3,
105,강릉,2011-01-29,-5.6,
105,강릉,2011-01-30,-6.9,
105,강릉,2011-01-31,-2,
105,강릉,2011-02-01,2.9,
105,강릉,2011-02-02,5.8,
105,강릉,2011-02-03,6.1,
105,강릉,2011-02-04,5.3,
105,강릉,2011-02-05,3,
105,강릉,2011-02-06,5.8,
105,강릉,2011-02-07,3.2,
105,강릉,2011-02-08,2,
105,강릉,2011-02-09,.9,
105,강릉,2011-02-10,-.6,
105,강릉,2011-02-11,-.1,60.5
105,강릉,2011-02-12,-3.9,22
105,강릉,2011-02-13,-4.3,
105,강릉,2011-02-14,-2.7,12
105,강릉,2011-02-15,.2,
105,강릉,2011-02-16,4.2,
105,강릉,2011-02-17,1.9,0
105,강릉,2011-02-18,.8,
105,강릉,2011-02-19,6.5,
105,강릉,2011-02-20,3.3,
105,강릉,2011-02-21,2.6,
105,강릉,2011-02-22,2.5,
105,강릉,2011-02-23,4.4,
105,강릉,2011-02-24,10.5,
105,강릉,2011-02-25,3,
105,강릉,2011-02-26,3.5,
105,강릉,2011-02-27,1.5,44.5
105,강릉,2011-02-28,.7,5
105,강릉,2011-03-01,.9,1
105,강릉,2011-03-02,-.5,
105,강릉,2011-03-03,-2,
105,강릉,2011-03-04,.9,
105,강릉,2011-03-05,5.3,
105,강릉,2011-03-06,6.2,
105,강릉,2011-03-07,3.3,
105,강릉,2011-03-08,3.9,
105,강릉,2011-03-09,2.3,
105,강릉,2011-03-10,3.7,
105,강릉,2011-03-11,6.3,
105,강릉,2011-03-12,11.2,
105,강릉,2011-03-13,14.8,
105,강릉,2011-03-14,9.4,
105,강릉,2011-03-15,5.1,
105,강릉,2011-03-16,1.4,
105,강릉,2011-03-17,1.4,
105,강릉,2011-03-18,9.9,
105,강릉,2011-03-19,13.3,
105,강릉,2011-03-20,6.5,12.5
105,강릉,2011-03-21,6.9,
105,강릉,2011-03-22,2.1,10
105,강릉,2011-03-23,3.3,
105,강릉,2011-03-24,5.1,0
105,강릉,2011-03-25,1.8,1
105,강릉,2011-03-26,3.3,
105,강릉,2011-03-27,7,
105,강릉,2011-03-28,5.1,2
105,강릉,2011-03-29,6.4,
105,강릉,2011-03-30,11.9,
105,강릉,2011-03-31,13.5,
105,강릉,2011-04-01,16.1,
105,강릉,2011-04-02,6.3,
105,강릉,2011-04-03,5.6,
105,강릉,2011-04-04,7.4,
105,강릉,2011-04-05,11.1,
105,강릉,2011-04-06,15.2,
105,강릉,2011-04-07,12.9,.5
105,강릉,2011-04-08,11.7,
105,강릉,2011-04-09,14.5,
105,강릉,2011-04-10,14.9,.5
105,강릉,2011-04-11,10.4,
105,강릉,2011-04-12,15.2,
105,강릉,2011-04-13,18.3,
105,강릉,2011-04-14,18.7,
105,강릉,2011-04-15,18.4,
105,강릉,2011-04-16,8.1,1
105,강릉,2011-04-17,9.2,
105,강릉,2011-04-18,6.8,27
105,강릉,2011-04-19,5.2,20
105,강릉,2011-04-20,12.1,
105,강릉,2011-04-21,14.9,
105,강릉,2011-04-22,7,21.5
105,강릉,2011-04-23,11,
105,강릉,2011-04-24,11.9,.5
105,강릉,2011-04-25,14.2,
105,강릉,2011-04-26,11.6,5.5
105,강릉,2011-04-27,9.2,12.5
105,강릉,2011-04-28,8.5,3.5
105,강릉,2011-04-29,14.5,
105,강릉,2011-04-30,11.4,40.5
105,강릉,2011-05-01,16.7,2
105,강릉,2011-05-02,18.2,
105,강릉,2011-05-03,17.5,
105,강릉,2011-05-04,12.1,
105,강릉,2011-05-05,12.8,
105,강릉,2011-05-06,12.1,
105,강릉,2011-05-07,17.6,.5
105,강릉,2011-05-08,17.2,
105,강릉,2011-05-09,17.8,4
105,강릉,2011-05-10,15.5,18.5
105,강릉,2011-05-11,12.8,34
105,강릉,2011-05-12,12.1,6
105,강릉,2011-05-13,18.3,
105,강릉,2011-05-14,21.1,
105,강릉,2011-05-15,16,
105,강릉,2011-05-16,13.4,
105,강릉,2011-05-17,17.1,
105,강릉,2011-05-18,23.4,
105,강릉,2011-05-19,22.4,
105,강릉,2011-05-20,20.3,
105,강릉,2011-05-21,14.5,14
105,강릉,2011-05-22,17,
105,강릉,2011-05-23,17,
105,강릉,2011-05-24,17.2,
105,강릉,2011-05-25,11.9,
105,강릉,2011-05-26,13.6,
105,강릉,2011-05-27,13.3,4.5
105,강릉,2011-05-28,14.9,
105,강릉,2011-05-29,14.3,
105,강릉,2011-05-30,13.3,
105,강릉,2011-05-31,13.5,4.5
105,강릉,2011-06-01,13.3,16
105,강릉,2011-06-02,15.3,
105,강릉,2011-06-03,18.9,
105,강릉,2011-06-04,24,
105,강릉,2011-06-05,23.9,
105,강릉,2011-06-06,26,
105,강릉,2011-06-07,24.3,
105,강릉,2011-06-08,24.9,1
105,강릉,2011-06-09,24.8,
105,강릉,2011-06-10,24.8,
105,강릉,2011-06-11,23.7,
105,강릉,2011-06-12,21,2
105,강릉,2011-06-13,18.2,.5
105,강릉,2011-06-14,21.5,
105,강릉,2011-06-15,20.3,
105,강릉,2011-06-16,19,
105,강릉,2011-06-17,20,
105,강릉,2011-06-18,21.9,
105,강릉,2011-06-19,22.9,
105,강릉,2011-06-20,23.1,
105,강릉,2011-06-21,29.4,
105,강릉,2011-06-22,29.1,
105,강릉,2011-06-23,23.3,29.5
105,강릉,2011-06-24,17.3,121
105,강릉,2011-06-25,16.9,54
105,강릉,2011-06-26,16.9,91.5
105,강릉,2011-06-27,20.3,.5
105,강릉,2011-06-28,26.4,
105,강릉,2011-06-29,22.8,21
105,강릉,2011-06-30,24.8,6
105,강릉,2011-07-01,27.3,
105,강릉,2011-07-02,28.1,
105,강릉,2011-07-03,23.6,72
105,강릉,2011-07-04,23.8,
105,강릉,2011-07-05,27.1,
105,강릉,2011-07-06,26.2,
105,강릉,2011-07-07,21.4,20.5
105,강릉,2011-07-08,21.7,20
105,강릉,2011-07-09,22.8,35
105,강릉,2011-07-10,23.5,8
105,강릉,2011-07-11,21.8,16.5
105,강릉,2011-07-12,21.7,20.5
105,강릉,2011-07-13,24.1,.5
105,강릉,2011-07-14,24.4,30.5
105,강릉,2011-07-15,25.9,1.5
105,강릉,2011-07-16,24.1,.5
105,강릉,2011-07-17,24.3,5.5
105,강릉,2011-07-18,21.8,1.5
105,강릉,2011-07-19,21.3,18.5
105,강릉,2011-07-20,20.7,1.5
105,강릉,2011-07-21,20.2,
105,강릉,2011-07-22,20.6,
105,강릉,2011-07-23,20.6,6
105,강릉,2011-07-24,20.7,.1
105,강릉,2011-07-25,21.7,.5
105,강릉,2011-07-26,22.8,9.5
105,강릉,2011-07-27,22.8,38.5
105,강릉,2011-07-28,26.7,.1
105,강릉,2011-07-29,26.8,2.5
105,강릉,2011-07-30,23,3
105,강릉,2011-07-31,23.1,5.5
105,강릉,2011-08-01,23.5,2.5
105,강릉,2011-08-02,22.9,16.5
105,강릉,2011-08-03,23.4,11
105,강릉,2011-08-04,26.2,15.5
105,강릉,2011-08-05,26.7,
105,강릉,2011-08-06,25.3,.5
105,강릉,2011-08-07,25.9,
105,강릉,2011-08-08,29.3,1.5
105,강릉,2011-08-09,28,.4
105,강릉,2011-08-10,30,
105,강릉,2011-08-11,30.9,
105,강릉,2011-08-12,27.4,3.5
105,강릉,2011-08-13,28.3,
105,강릉,2011-08-14,29.4,
105,강릉,2011-08-15,29.4,
105,강릉,2011-08-16,28.9,4.5
105,강릉,2011-08-17,23.1,45.5
105,강릉,2011-08-18,22.1,10
105,강릉,2011-08-19,23.1,
105,강릉,2011-08-20,23.1,
105,강릉,2011-08-21,23.1,
105,강릉,2011-08-22,22.2,
105,강릉,2011-08-23,22.5,
105,강릉,2011-08-24,21.1,8.5
105,강릉,2011-08-25,22.6,.3
105,강릉,2011-08-26,22.1,.1
105,강릉,2011-08-27,23.2,.4
105,강릉,2011-08-28,24.5,
105,강릉,2011-08-29,25.7,
105,강릉,2011-08-30,25.1,.5
105,강릉,2011-08-31,26.4,
105,강릉,2011-09-01,25.6,
105,강릉,2011-09-02,22.5,8.5
105,강릉,2011-09-03,23,2.5
105,강릉,2011-09-04,19.8,69.5
105,강릉,2011-09-05,21.3,41
105,강릉,2011-09-06,21.5,
105,강릉,2011-09-07,23.2,
105,강릉,2011-09-08,23,.1
105,강릉,2011-09-09,21.4,.3
105,강릉,2011-09-10,19.3,19.5
105,강릉,2011-09-11,19.4,62
105,강릉,2011-09-12,20.5,16
105,강릉,2011-09-13,22,
105,강릉,2011-09-14,24.3,
105,강릉,2011-09-15,24.6,
105,강릉,2011-09-16,25.1,
105,강릉,2011-09-17,20.6,19
105,강릉,2011-09-18,16.9,53.5
105,강릉,2011-09-19,15.1,5.5
105,강릉,2011-09-20,16.4,
105,강릉,2011-09-21,17.9,
105,강릉,2011-09-22,17.6,
105,강릉,2011-09-23,17.3,
105,강릉,2011-09-24,18.5,
105,강릉,2011-09-25,20.2,
105,강릉,2011-09-26,19.7,
105,강릉,2011-09-27,18.2,
105,강릉,2011-09-28,17.9,
105,강릉,2011-09-29,16.3,22
105,강릉,2011-09-30,17.8,1.5
105,강릉,2011-10-01,15,.3
105,강릉,2011-10-02,13.2,
105,강릉,2011-10-03,13.6,
105,강릉,2011-10-04,16.6,
105,강릉,2011-10-05,17.4,
105,강릉,2011-10-06,17.8,
105,강릉,2011-10-07,15.3,
105,강릉,2011-10-08,16.2,
105,강릉,2011-10-09,19.1,
105,강릉,2011-10-10,19.9,
105,강릉,2011-10-11,17.1,
105,강릉,2011-10-12,17.1,
105,강릉,2011-10-13,17.4,
105,강릉,2011-10-14,14.5,5
105,강릉,2011-10-15,16.2,3
105,강릉,2011-10-16,16.2,
105,강릉,2011-10-17,14.4,
105,강릉,2011-10-18,10,
105,강릉,2011-10-19,12.3,
105,강릉,2011-10-20,14.4,
105,강릉,2011-10-21,14.7,4.5
105,강릉,2011-10-22,14.1,38.5
105,강릉,2011-10-23,15.5,
105,강릉,2011-10-24,16.7,
105,강릉,2011-10-25,9.2,
105,강릉,2011-10-26,10.1,
105,강릉,2011-10-27,12.7,
105,강릉,2011-10-28,14.8,
105,강릉,2011-10-29,12.4,12
105,강릉,2011-10-30,12.3,1.5
105,강릉,2011-10-31,13.8,
105,강릉,2011-11-01,15.2,
105,강릉,2011-11-02,16.1,
105,강릉,2011-11-03,14.8,
105,강릉,2011-11-04,16.2,
105,강릉,2011-11-05,16.4,8.5
105,강릉,2011-11-06,13.1,25.5
105,강릉,2011-11-07,13.6,1
105,강릉,2011-11-08,12.2,10.5
105,강릉,2011-11-09,11,5.5
105,강릉,2011-11-10,11.1,
105,강릉,2011-11-11,12.3,
105,강릉,2011-11-12,13.7,
105,강릉,2011-11-13,13.6,
105,강릉,2011-11-14,10,
105,강릉,2011-11-15,8.6,
105,강릉,2011-11-16,12.1,
105,강릉,2011-11-17,12.4,
105,강릉,2011-11-18,13.7,.3
105,강릉,2011-11-19,14.5,.1
105,강릉,2011-11-20,4.4,
105,강릉,2011-11-21,4.2,
105,강릉,2011-11-22,7.9,
105,강릉,2011-11-23,6.5,
105,강릉,2011-11-24,2.4,
105,강릉,2011-11-25,5.4,
105,강릉,2011-11-26,9.8,
105,강릉,2011-11-27,14.6,
105,강릉,2011-11-28,14.9,
105,강릉,2011-11-29,10.3,30
105,강릉,2011-11-30,5.1,51.5
105,강릉,2011-12-01,2.8,6
105,강릉,2011-12-02,3.8,11.5
105,강릉,2011-12-03,4.3,33.5
105,강릉,2011-12-04,5.1,
105,강릉,2011-12-05,3.6,
105,강릉,2011-12-06,4.8,
105,강릉,2011-12-07,6.5,
105,강릉,2011-12-08,3.2,23
105,강릉,2011-12-09,-.1,25
105,강릉,2011-12-10,-.1,
105,강릉,2011-12-11,3.6,
105,강릉,2011-12-12,5.8,
105,강릉,2011-12-13,3.7,
105,강릉,2011-12-14,6.8,
105,강릉,2011-12-15,.5,
105,강릉,2011-12-16,-4,
105,강릉,2011-12-17,-2.4,
105,강릉,2011-12-18,1.3,
105,강릉,2011-12-19,1.3,
105,강릉,2011-12-20,1.7,
105,강릉,2011-12-21,3.8,
105,강릉,2011-12-22,-.8,
105,강릉,2011-12-23,-2.8,
105,강릉,2011-12-24,-2.2,
105,강릉,2011-12-25,-3.9,
105,강릉,2011-12-26,-3.8,
105,강릉,2011-12-27,-1.6,
105,강릉,2011-12-28,3,
105,강릉,2011-12-29,.6,6
105,강릉,2011-12-30,.9,
105,강릉,2011-12-31,1.6,
105,강릉,2012-01-01,.8,.2
105,강릉,2012-01-02,-.1,.5
105,강릉,2012-01-03,0,
105,강릉,2012-01-04,-3.1,
105,강릉,2012-01-05,-1.9,
105,강릉,2012-01-06,-.8,
105,강릉,2012-01-07,-.1,
105,강릉,2012-01-08,1.4,
105,강릉,2012-01-09,2,
105,강릉,2012-01-10,1.4,
105,강릉,2012-01-11,-1.7,
105,강릉,2012-01-12,-1.3,
105,강릉,2012-01-13,2,
105,강릉,2012-01-14,1,
105,강릉,2012-01-15,.3,
105,강릉,2012-01-16,1.7,.3
105,강릉,2012-01-17,3.5,.2
105,강릉,2012-01-18,3.4,
105,강릉,2012-01-19,3.4,16.5
105,강릉,2012-01-20,3.2,12
105,강릉,2012-01-21,2.8,7
105,강릉,2012-01-22,.7,.3
105,강릉,2012-01-23,-5.2,
105,강릉,2012-01-24,-5,
105,강릉,2012-01-25,-4.8,
105,강릉,2012-01-26,-1.6,
105,강릉,2012-01-27,.5,
105,강릉,2012-01-28,-.9,
105,강릉,2012-01-29,-1,
105,강릉,2012-01-30,-1.9,
105,강릉,2012-01-31,-1.2,2
105,강릉,2012-02-01,-6.6,
105,강릉,2012-02-02,-8.3,
105,강릉,2012-02-03,-5.2,
105,강릉,2012-02-04,.6,
105,강릉,2012-02-05,2,
105,강릉,2012-02-06,4,
105,강릉,2012-02-07,-1.4,
105,강릉,2012-02-08,-6.1,
105,강릉,2012-02-09,-2.3,
105,강릉,2012-02-10,-.3,
105,강릉,2012-02-11,-.1,
105,강릉,2012-02-12,1.8,
105,강릉,2012-02-13,5,
105,강릉,2012-02-14,6.7,
105,강릉,2012-02-15,2.1,
105,강릉,2012-02-16,1.2,
105,강릉,2012-02-17,-3.2,
105,강릉,2012-02-18,-3.6,
105,강릉,2012-02-19,-1.4,
105,강릉,2012-02-20,3.1,
105,강릉,2012-02-21,3.5,
105,강릉,2012-02-22,5.1,
105,강릉,2012-02-23,6.7,
105,강릉,2012-02-24,4,.1
105,강릉,2012-02-25,1.1,9.5
105,강릉,2012-02-26,-1.6,13.5
105,강릉,2012-02-27,-1.6,
105,강릉,2012-02-28,1.5,
105,강릉,2012-02-29,5,
105,강릉,2012-03-01,6.4,
105,강릉,2012-03-02,2.8,12.5
105,강릉,2012-03-03,1.7,6.5
105,강릉,2012-03-04,2.6,1.5
105,강릉,2012-03-05,3.1,16
105,강릉,2012-03-06,4.5,4
105,강릉,2012-03-07,6.2,
105,강릉,2012-03-08,4.1,
105,강릉,2012-03-09,2.1,8
105,강릉,2012-03-10,3.8,1
105,강릉,2012-03-11,1.2,
105,강릉,2012-03-12,-.7,
105,강릉,2012-03-13,3,
105,강릉,2012-03-14,6.4,
105,강릉,2012-03-15,5.3,
105,강릉,2012-03-16,9.1,
105,강릉,2012-03-17,8.7,5
105,강릉,2012-03-18,3.5,20.5
105,강릉,2012-03-19,3.3,.2
105,강릉,2012-03-20,4.2,
105,강릉,2012-03-21,8.3,
105,강릉,2012-03-22,10.2,
105,강릉,2012-03-23,4.7,47
105,강릉,2012-03-24,4.1,4.5
105,강릉,2012-03-25,5,
105,강릉,2012-03-26,6,
105,강릉,2012-03-27,10.9,
105,강릉,2012-03-28,9.6,
105,강릉,2012-03-29,13.8,
105,강릉,2012-03-30,14.8,
105,강릉,2012-03-31,7.2,0
105,강릉,2012-04-01,5.4,
105,강릉,2012-04-02,7.7,4.5
105,강릉,2012-04-03,3.9,51.5
105,강릉,2012-04-04,8.7,
105,강릉,2012-04-05,8.7,
105,강릉,2012-04-06,6.2,.5
105,강릉,2012-04-07,6.2,
105,강릉,2012-04-08,16.6,
105,강릉,2012-04-09,17.9,
105,강릉,2012-04-10,17.8,0
105,강릉,2012-04-11,10.2,8
105,강릉,2012-04-12,12.4,
105,강릉,2012-04-13,12.4,
105,강릉,2012-04-14,16.2,
105,강릉,2012-04-15,18.7,
105,강릉,2012-04-16,12.7,
105,강릉,2012-04-17,11,
105,강릉,2012-04-18,12.7,
105,강릉,2012-04-19,12.2,
105,강릉,2012-04-20,11.7,
105,강릉,2012-04-21,8.8,54
105,강릉,2012-04-22,12.7,1
105,강릉,2012-04-23,19.3,
105,강릉,2012-04-24,22.5,
105,강릉,2012-04-25,12.7,7
105,강릉,2012-04-26,15.5,
105,강릉,2012-04-27,19.3,
105,강릉,2012-04-28,20.6,
105,강릉,2012-04-29,18.4,
105,강릉,2012-04-30,18.4,
105,강릉,2012-05-01,17.4,
105,강릉,2012-05-02,13.8,2.5
105,강릉,2012-05-03,13,6.5
105,강릉,2012-05-04,16.5,.1
105,강릉,2012-05-05,19.9,
105,강릉,2012-05-06,17.9,.1
105,강릉,2012-05-07,20,
105,강릉,2012-05-08,17.8,
105,강릉,2012-05-09,13.9,
105,강릉,2012-05-10,11.4,3.5
105,강릉,2012-05-11,11.5,1.5
105,강릉,2012-05-12,14.5,
105,강릉,2012-05-13,17.3,
105,강릉,2012-05-14,15.6,15.5
105,강릉,2012-05-15,17.1,
105,강릉,2012-05-16,19.3,0
105,강릉,2012-05-17,14.6,2.5
105,강릉,2012-05-18,19.2,
105,강릉,2012-05-19,22.9,
105,강릉,2012-05-20,20.3,
105,강릉,2012-05-21,16.2,
105,강릉,2012-05-22,18.7,
105,강릉,2012-05-23,22,
105,강릉,2012-05-24,20.9,
105,강릉,2012-05-25,21.3,
105,강릉,2012-05-26,22.5,
105,강릉,2012-05-27,22,0
105,강릉,2012-05-28,15.7,0
105,강릉,2012-05-29,17.6,
105,강릉,2012-05-30,16.8,13
105,강릉,2012-05-31,17.5,7.5
105,강릉,2012-06-01,17.8,
105,강릉,2012-06-02,17.3,
105,강릉,2012-06-03,18.8,
105,강릉,2012-06-04,19.6,
105,강릉,2012-06-05,25.5,
105,강릉,2012-06-06,23.4,
105,강릉,2012-06-07,23.2,0
105,강릉,2012-06-08,21.4,
105,강릉,2012-06-09,20,
105,강릉,2012-06-10,20.7,
105,강릉,2012-06-11,21.6,.1
105,강릉,2012-06-12,19,5
105,강릉,2012-06-13,17,1.5
105,강릉,2012-06-14,17.1,.1
105,강릉,2012-06-15,17.2,.4
105,강릉,2012-06-16,19.5,2
105,강릉,2012-06-17,24,
105,강릉,2012-06-18,25.1,
105,강릉,2012-06-19,20.9,2
105,강릉,2012-06-20,20.9,2
105,강릉,2012-06-21,21.1,
105,강릉,2012-06-22,21.3,
105,강릉,2012-06-23,23.4,
105,강릉,2012-06-24,20.8,
105,강릉,2012-06-25,19.3,1.5
105,강릉,2012-06-26,18.9,6
105,강릉,2012-06-27,18.4,2
105,강릉,2012-06-28,19.4,.2
105,강릉,2012-06-29,22.1,
105,강릉,2012-06-30,22.7,4
105,강릉,2012-07-01,23.8,
105,강릉,2012-07-02,26.3,
105,강릉,2012-07-03,24.1,
105,강릉,2012-07-04,27.5,
105,강릉,2012-07-05,26.4,3.5
105,강릉,2012-07-06,21,119.5
105,강릉,2012-07-07,21.1,1.5
105,강릉,2012-07-08,23.8,
105,강릉,2012-07-09,26.5,
105,강릉,2012-07-10,22.5,0
105,강릉,2012-07-11,24.7,5
105,강릉,2012-07-12,25,
105,강릉,2012-07-13,21.9,15
105,강릉,2012-07-14,20.1,10.5
105,강릉,2012-07-15,19.4,86.5
105,강릉,2012-07-16,19.8,.2
105,강릉,2012-07-17,21.5,
105,강릉,2012-07-18,22,.4
105,강릉,2012-07-19,26.5,16.5
105,강릉,2012-07-20,26.7,.1
105,강릉,2012-07-21,21.1,1
105,강릉,2012-07-22,21.2,1.5
105,강릉,2012-07-23,27.8,
105,강릉,2012-07-24,30.2,
105,강릉,2012-07-25,30.3,
105,강릉,2012-07-26,30.9,
105,강릉,2012-07-27,30.9,
105,강릉,2012-07-28,30.4,
105,강릉,2012-07-29,31,
105,강릉,2012-07-30,30.2,
105,강릉,2012-07-31,30.5,
105,강릉,2012-08-01,26.4,
105,강릉,2012-08-02,24.9,4.5
105,강릉,2012-08-03,25.1,.2
105,강릉,2012-08-04,25.6,
105,강릉,2012-08-05,27.6,
105,강릉,2012-08-06,25.9,
105,강릉,2012-08-07,25.9,
105,강릉,2012-08-08,25.9,
105,강릉,2012-08-09,27.5,
105,강릉,2012-08-10,26.1,.3
105,강릉,2012-08-11,27.1,
105,강릉,2012-08-12,26.6,31.5
105,강릉,2012-08-13,22.9,15
105,강릉,2012-08-14,24.2,1.5
105,강릉,2012-08-15,25.1,12
105,강릉,2012-08-16,23.2,18.5
105,강릉,2012-08-17,24,
105,강릉,2012-08-18,28.3,.4
105,강릉,2012-08-19,28.8,.1
105,강릉,2012-08-20,27.5,5.5
105,강릉,2012-08-21,28,.3
105,강릉,2012-08-22,23.3,36.5
105,강릉,2012-08-23,20.3,32.5
105,강릉,2012-08-24,20.7,2.5
105,강릉,2012-08-25,23,5
105,강릉,2012-08-26,24.1,
105,강릉,2012-08-27,23.4,3
105,강릉,2012-08-28,26.1,17
105,강릉,2012-08-29,28.3,
105,강릉,2012-08-30,21.2,99
105,강릉,2012-08-31,20.7,10
105,강릉,2012-09-01,20.8,1
105,강릉,2012-09-02,21.4,.5
105,강릉,2012-09-03,21.6,
105,강릉,2012-09-04,22.2,1
105,강릉,2012-09-05,23.9,7.5
105,강릉,2012-09-06,21.2,
105,강릉,2012-09-07,21.2,
105,강릉,2012-09-08,21.4,44
105,강릉,2012-09-09,20.9,
105,강릉,2012-09-10,20.2,
105,강릉,2012-09-11,20,
105,강릉,2012-09-12,20.7,.1
105,강릉,2012-09-13,23,
105,강릉,2012-09-14,20.3,.1
105,강릉,2012-09-15,19.4,1.5
105,강릉,2012-09-16,18.1,45
105,강릉,2012-09-17,18.1,190
105,강릉,2012-09-18,23.1,
105,강릉,2012-09-19,22.1,
105,강릉,2012-09-20,20.1,
105,강릉,2012-09-21,19.6,
105,강릉,2012-09-22,19.5,
105,강릉,2012-09-23,18.4,
105,강릉,2012-09-24,18.3,
105,강릉,2012-09-25,18.8,
105,강릉,2012-09-26,18.1,
105,강릉,2012-09-27,18.1,
105,강릉,2012-09-28,20.3,
105,강릉,2012-09-29,18.1,
105,강릉,2012-09-30,16.5,
105,강릉,2012-10-01,17.6,
105,강릉,2012-10-02,17.2,
105,강릉,2012-10-03,16.4,
105,강릉,2012-10-04,16.6,
105,강릉,2012-10-05,19.6,
105,강릉,2012-10-06,18.3,4
105,강릉,2012-10-07,16.3,
105,강릉,2012-10-08,15.2,
105,강릉,2012-10-09,15.5,
105,강릉,2012-10-10,17.2,0
105,강릉,2012-10-11,13.7,.1
105,강릉,2012-10-12,15.8,
105,강릉,2012-10-13,18.3,
105,강릉,2012-10-14,20,
105,강릉,2012-10-15,13.3,
105,강릉,2012-10-16,16.3,
105,강릉,2012-10-17,16.6,0
105,강릉,2012-10-18,11.9,
105,강릉,2012-10-19,15.1,
105,강릉,2012-10-20,18.1,
105,강릉,2012-10-21,18.7,
105,강릉,2012-10-22,16,2
105,강릉,2012-10-23,12.4,
105,강릉,2012-10-24,15,
105,강릉,2012-10-25,17.1,
105,강릉,2012-10-26,16.2,
105,강릉,2012-10-27,14.4,3.5
105,강릉,2012-10-28,18,
105,강릉,2012-10-29,14.1,
105,강릉,2012-10-30,9.7,1
105,강릉,2012-10-31,8.5,
105,강릉,2012-11-01,7.6,
105,강릉,2012-11-02,6.9,
105,강릉,2012-11-03,8.7,
105,강릉,2012-11-04,10.9,.5
105,강릉,2012-11-05,12,3.5
105,강릉,2012-11-06,9.6,
105,강릉,2012-11-07,10.8,
105,강릉,2012-11-08,11.7,
105,강릉,2012-11-09,11,
105,강릉,2012-11-10,11,1
105,강릉,2012-11-11,11.6,9.5
105,강릉,2012-11-12,9.5,
105,강릉,2012-11-13,7.8,
105,강릉,2012-11-14,5.5,
105,강릉,2012-11-15,5.9,
105,강릉,2012-11-16,9.7,0
105,강릉,2012-11-17,9.3,
105,강릉,2012-11-18,5.3,
105,강릉,2012-11-19,7,.1
105,강릉,2012-11-20,5,
105,강릉,2012-11-21,6.8,
105,강릉,2012-11-22,8.6,
105,강릉,2012-11-23,5.5,11
105,강릉,2012-11-24,5.6,
105,강릉,2012-11-25,6.7,
105,강릉,2012-11-26,5.2,
105,강릉,2012-11-27,3,
105,강릉,2012-11-28,7.6,
105,강릉,2012-11-29,4.5,
105,강릉,2012-11-30,3.7,
105,강릉,2012-12-01,-.2,4
105,강릉,2012-12-02,4.3,
105,강릉,2012-12-03,5.4,.2
105,강릉,2012-12-04,.1,
105,강릉,2012-12-05,.3,0
105,강릉,2012-12-06,-3.7,
105,강릉,2012-12-07,-1.8,
105,강릉,2012-12-08,-4.2,
105,강릉,2012-12-09,-5.4,
105,강릉,2012-12-10,-2.9,
105,강릉,2012-12-11,-1.5,
105,강릉,2012-12-12,-.6,
105,강릉,2012-12-13,4.4,
105,강릉,2012-12-14,3.4,29
105,강릉,2012-12-15,4.3,2
105,강릉,2012-12-16,5.7,
105,강릉,2012-12-17,4.1,
105,강릉,2012-12-18,-1.1,
105,강릉,2012-12-19,-2.1,
105,강릉,2012-12-20,1.7,
105,강릉,2012-12-21,3.6,
105,강릉,2012-12-22,1.7,
105,강릉,2012-12-23,-4.2,
105,강릉,2012-12-24,-5.2,
105,강릉,2012-12-25,-2.3,
105,강릉,2012-12-26,-6.1,
105,강릉,2012-12-27,-.1,
105,강릉,2012-12-28,.9,7.5
105,강릉,2012-12-29,3.5,.5
105,강릉,2012-12-30,-1.1,
105,강릉,2012-12-31,-5.4,
105,강릉,2013-01-01,-1.9,
105,강릉,2013-01-02,-6,.5
105,강릉,2013-01-03,-7.5,
105,강릉,2013-01-04,-4.9,
105,강릉,2013-01-05,-1.7,
105,강릉,2013-01-06,-1,
105,강릉,2013-01-07,.1,
105,강릉,2013-01-08,-.1,
105,강릉,2013-01-09,-4,
105,강릉,2013-01-10,-3.7,
105,강릉,2013-01-11,-.3,
105,강릉,2013-01-12,3.7,
105,강릉,2013-01-13,2.7,
105,강릉,2013-01-14,2.3,1.5
105,강릉,2013-01-15,1.3,.5
105,강릉,2013-01-16,1.5,.5
105,강릉,2013-01-17,-2.2,14
105,강릉,2013-01-18,-1,
105,강릉,2013-01-19,1.4,
105,강릉,2013-01-20,1.7,
105,강릉,2013-01-21,1.1,21.5
105,강릉,2013-01-22,1.5,16
105,강릉,2013-01-23,2.5,.1
105,강릉,2013-01-24,2.1,
105,강릉,2013-01-25,-6.1,
105,강릉,2013-01-26,-5.7,
105,강릉,2013-01-27,-4.6,
105,강릉,2013-01-28,-.4,
105,강릉,2013-01-29,3.8,
105,강릉,2013-01-30,3.8,
105,강릉,2013-01-31,5.4,
105,강릉,2013-02-01,6.1,5
105,강릉,2013-02-02,6.1,
105,강릉,2013-02-03,1.7,
105,강릉,2013-02-04,4.2,.5
105,강릉,2013-02-05,1.5,2
105,강릉,2013-02-06,1.9,2.5
105,강릉,2013-02-07,-5.3,
105,강릉,2013-02-08,-5.9,
105,강릉,2013-02-09,-2.1,
105,강릉,2013-02-10,-.7,
105,강릉,2013-02-11,-2.2,
105,강릉,2013-02-12,.5,
105,강릉,2013-02-13,1.5,
105,강릉,2013-02-14,5.1,
105,강릉,2013-02-15,1.2,1
105,강릉,2013-02-16,-1.6,
105,강릉,2013-02-17,4.5,
105,강릉,2013-02-18,3.2,.1
105,강릉,2013-02-19,0,2.5
105,강릉,2013-02-20,-.7,
105,강릉,2013-02-21,.6,
105,강릉,2013-02-22,2.8,
105,강릉,2013-02-23,1.6,
105,강릉,2013-02-24,1.6,
105,강릉,2013-02-25,1.6,
105,강릉,2013-02-26,5.1,
105,강릉,2013-02-27,8.9,
105,강릉,2013-02-28,10.4,
105,강릉,2013-03-01,7.5,
105,강릉,2013-03-02,1.6,
105,강릉,2013-03-03,3.5,
105,강릉,2013-03-04,4.7,
105,강릉,2013-03-05,8.6,
105,강릉,2013-03-06,11,
105,강릉,2013-03-07,13,
105,강릉,2013-03-08,14,
105,강릉,2013-03-09,8.2,
105,강릉,2013-03-10,4.3,
105,강릉,2013-03-11,5.4,
105,강릉,2013-03-12,12.7,.1
105,강릉,2013-03-13,2.1,21.5
105,강릉,2013-03-14,3.8,.3
105,강릉,2013-03-15,10.6,
105,강릉,2013-03-16,9.6,
105,강릉,2013-03-17,10.4,3.5
105,강릉,2013-03-18,12.5,9
105,강릉,2013-03-19,9,
105,강릉,2013-03-20,1.4,30
105,강릉,2013-03-21,3.8,
105,강릉,2013-03-22,8.7,
105,강릉,2013-03-23,6.2,.2
105,강릉,2013-03-24,5.4,.2
105,강릉,2013-03-25,1.1,15.5
105,강릉,2013-03-26,5.5,
105,강릉,2013-03-27,13.4,
105,강릉,2013-03-28,12.3,
105,강릉,2013-03-29,6,
105,강릉,2013-03-30,5.6,
105,강릉,2013-03-31,6.9,1.5
105,강릉,2013-04-01,10,
105,강릉,2013-04-02,7.1,3
105,강릉,2013-04-03,13.3,
105,강릉,2013-04-04,10.6,
105,강릉,2013-04-05,9.1,
105,강릉,2013-04-06,6.3,27
105,강릉,2013-04-07,6.3,9
105,강릉,2013-04-08,11.7,
105,강릉,2013-04-09,8.6,
105,강릉,2013-04-10,6.8,
105,강릉,2013-04-11,7,.5
105,강릉,2013-04-12,8.8,
105,강릉,2013-04-13,15.9,
105,강릉,2013-04-14,13.6,.5
105,강릉,2013-04-15,11,
105,강릉,2013-04-16,9.3,.1
105,강릉,2013-04-17,7,5.5
105,강릉,2013-04-18,7.5,
105,강릉,2013-04-19,7.2,
105,강릉,2013-04-20,5.9,4.5
105,강릉,2013-04-21,8.4,
105,강릉,2013-04-22,14.7,
105,강릉,2013-04-23,14.8,.3
105,강릉,2013-04-24,16,.1
105,강릉,2013-04-25,14,0
105,강릉,2013-04-26,12.3,1.5
105,강릉,2013-04-27,12.6,
105,강릉,2013-04-28,16.5,
105,강릉,2013-04-29,17.5,
105,강릉,2013-04-30,14,6
105,강릉,2013-05-01,10.3,.5
105,강릉,2013-05-02,9,11
105,강릉,2013-05-03,11.7,4.5
105,강릉,2013-05-04,16.5,
105,강릉,2013-05-05,21.4,
105,강릉,2013-05-06,18.6,
105,강릉,2013-05-07,14.4,
105,강릉,2013-05-08,20.3,
105,강릉,2013-05-09,23,.2
105,강릉,2013-05-10,18.6,9.5
105,강릉,2013-05-11,22.5,
105,강릉,2013-05-12,25,
105,강릉,2013-05-13,14.9,
105,강릉,2013-05-14,14.6,
105,강릉,2013-05-15,14.3,
105,강릉,2013-05-16,13,
105,강릉,2013-05-17,14.6,
105,강릉,2013-05-18,16.9,1.5
105,강릉,2013-05-19,14.5,35
105,강릉,2013-05-20,19.3,
105,강릉,2013-05-21,23.1,
105,강릉,2013-05-22,21.8,
105,강릉,2013-05-23,18,
105,강릉,2013-05-24,25.3,
105,강릉,2013-05-25,16,
105,강릉,2013-05-26,17.9,
105,강릉,2013-05-27,17.1,12
105,강릉,2013-05-28,17.6,4.5
105,강릉,2013-05-29,21.5,
105,강릉,2013-05-30,24.3,
105,강릉,2013-05-31,25.4,
105,강릉,2013-06-01,23.1,
105,강릉,2013-06-02,17.7,
105,강릉,2013-06-03,17.9,
105,강릉,2013-06-04,20.6,
105,강릉,2013-06-05,18.8,
105,강릉,2013-06-06,18.1,.2
105,강릉,2013-06-07,19.1,
105,강릉,2013-06-08,19.5,
105,강릉,2013-06-09,19.2,
105,강릉,2013-06-10,19.4,
105,강릉,2013-06-11,17.9,.5
105,강릉,2013-06-12,18.3,2
105,강릉,2013-06-13,20.2,
105,강릉,2013-06-14,20.7,1
105,강릉,2013-06-15,23.5,
105,강릉,2013-06-16,28.2,
105,강릉,2013-06-17,25.6,
105,강릉,2013-06-18,22.5,22
105,강릉,2013-06-19,22.4,4.5
105,강릉,2013-06-20,24.1,
105,강릉,2013-06-21,22.3,.4
105,강릉,2013-06-22,20.8,
105,강릉,2013-06-23,22,
105,강릉,2013-06-24,23.6,0
105,강릉,2013-06-25,23.3,
105,강릉,2013-06-26,23.2,
105,강릉,2013-06-27,22.6,.4
105,강릉,2013-06-28,22.7,5
105,강릉,2013-06-29,22.5,
105,강릉,2013-06-30,23.9,
105,강릉,2013-07-01,26.2,
105,강릉,2013-07-02,28.2,.5
105,강릉,2013-07-03,29.4,
105,강릉,2013-07-04,29.8,.3
105,강릉,2013-07-05,27.4,1.5
105,강릉,2013-07-06,27.9,
105,강릉,2013-07-07,28,
105,강릉,2013-07-08,26.8,1
105,강릉,2013-07-09,30.6,.2
105,강릉,2013-07-10,25.1,6.5
105,강릉,2013-07-11,22.9,14
105,강릉,2013-07-12,24.1,6
105,강릉,2013-07-13,23.5,15.5
105,강릉,2013-07-14,23.8,51
105,강릉,2013-07-15,23.1,69
105,강릉,2013-07-16,29.2,0
105,강릉,2013-07-17,29,3.5
105,강릉,2013-07-18,25.1,22
105,강릉,2013-07-19,26.3,
105,강릉,2013-07-20,29,
105,강릉,2013-07-21,28.9,
105,강릉,2013-07-22,25.4,37
105,강릉,2013-07-23,26.6,4.5
105,강릉,2013-07-24,29.6,.2
105,강릉,2013-07-25,29,
105,강릉,2013-07-26,28.7,
105,강릉,2013-07-27,27.3,
105,강릉,2013-07-28,26.9,.4
105,강릉,2013-07-29,27.4,.5
105,강릉,2013-07-30,25,.3
105,강릉,2013-07-31,25.9,8
105,강릉,2013-08-01,25.5,
105,강릉,2013-08-02,24.9,4
105,강릉,2013-08-03,29.1,
105,강릉,2013-08-04,31,
105,강릉,2013-08-05,30.4,.3
105,강릉,2013-08-06,31.1,
105,강릉,2013-08-07,32.2,
105,강릉,2013-08-08,33.2,
105,강릉,2013-08-09,32.7,.5
105,강릉,2013-08-10,30.7,6
105,강릉,2013-08-11,30.3,
105,강릉,2013-08-12,31.2,
105,강릉,2013-08-13,31.2,
105,강릉,2013-08-14,31.4,
105,강릉,2013-08-15,31.3,
105,강릉,2013-08-16,31.7,
105,강릉,2013-08-17,31.3,
105,강릉,2013-08-18,31.1,
105,강릉,2013-08-19,28.7,.1
105,강릉,2013-08-20,26.3,.1
105,강릉,2013-08-21,25,.5
105,강릉,2013-08-22,28.6,.1
105,강릉,2013-08-23,27.9,15
105,강릉,2013-08-24,26.5,
105,강릉,2013-08-25,25.3,
105,강릉,2013-08-26,24.4,1
105,강릉,2013-08-27,25.5,
105,강릉,2013-08-28,25.3,
105,강릉,2013-08-29,24,6.5
105,강릉,2013-08-30,25.8,
105,강릉,2013-08-31,20.9,20.5
105,강릉,2013-09-01,21.6,
105,강릉,2013-09-02,21.7,
105,강릉,2013-09-03,20.3,
105,강릉,2013-09-04,19.3,.5
105,강릉,2013-09-05,19.8,
105,강릉,2013-09-06,19.9,1
105,강릉,2013-09-07,20.7,
105,강릉,2013-09-08,22.1,
105,강릉,2013-09-09,21.3,
105,강릉,2013-09-10,22.7,3
105,강릉,2013-09-11,21.7,5
105,강릉,2013-09-12,22,.1
105,강릉,2013-09-13,23.3,13
105,강릉,2013-09-14,22.6,11.5
105,강릉,2013-09-15,22.5,
105,강릉,2013-09-16,19.7,
105,강릉,2013-09-17,23.7,
105,강릉,2013-09-18,22.8,
105,강릉,2013-09-19,21.4,
105,강릉,2013-09-20,25.1,
105,강릉,2013-09-21,23.5,.1
105,강릉,2013-09-22,19.3,28.5
105,강릉,2013-09-23,20.5,
105,강릉,2013-09-24,21.1,6
105,강릉,2013-09-25,16.9,9
105,강릉,2013-09-26,16.3,.2
105,강릉,2013-09-27,18.4,
105,강릉,2013-09-28,18.3,.1
105,강릉,2013-09-29,17,25.5
105,강릉,2013-09-30,18,32
105,강릉,2013-10-01,18.9,
105,강릉,2013-10-02,20.3,1
105,강릉,2013-10-03,18.2,3
105,강릉,2013-10-04,17.5,
105,강릉,2013-10-05,18.1,
105,강릉,2013-10-06,19.2,7.5
105,강릉,2013-10-07,18.9,6
105,강릉,2013-10-08,18.1,40.5
105,강릉,2013-10-09,18,1.5
105,강릉,2013-10-10,20.8,
105,강릉,2013-10-11,20.3,.5
105,강릉,2013-10-12,18.3,
105,강릉,2013-10-13,16.8,
105,강릉,2013-10-14,17.6,
105,강릉,2013-10-15,12.1,65
105,강릉,2013-10-16,11.1,
105,강릉,2013-10-17,12.7,
105,강릉,2013-10-18,14.5,
105,강릉,2013-10-19,14.8,
105,강릉,2013-10-20,15.2,4
105,강릉,2013-10-21,13.8,1.5
105,강릉,2013-10-22,13.6,
105,강릉,2013-10-23,14.3,.3
105,강릉,2013-10-24,15.1,
105,강릉,2013-10-25,11.7,
105,강릉,2013-10-26,11.3,0
105,강릉,2013-10-27,13.1,
105,강릉,2013-10-28,13.3,
105,강릉,2013-10-29,15.7,
105,강릉,2013-10-30,13.3,
105,강릉,2013-10-31,14,
105,강릉,2013-11-01,14.2,
105,강릉,2013-11-02,15.4,.1
105,강릉,2013-11-03,15,
105,강릉,2013-11-04,12.5,.2
105,강릉,2013-11-05,14.4,
105,강릉,2013-11-06,16,
105,강릉,2013-11-07,15.5,1.5
105,강릉,2013-11-08,11,
105,강릉,2013-11-09,13.1,.5
105,강릉,2013-11-10,10.1,1.5
105,강릉,2013-11-11,4.4,
105,강릉,2013-11-12,5.9,
105,강릉,2013-11-13,6.6,
105,강릉,2013-11-14,10.1,
105,강릉,2013-11-15,11.5,
105,강릉,2013-11-16,9.7,
105,강릉,2013-11-17,8.2,
105,강릉,2013-11-18,3.8,
105,강릉,2013-11-19,3.1,
105,강릉,2013-11-20,4.2,
105,강릉,2013-11-21,6.2,
105,강릉,2013-11-22,8.7,
105,강릉,2013-11-23,9.9,
105,강릉,2013-11-24,10.3,1
105,강릉,2013-11-25,8.3,4
105,강릉,2013-11-26,4.4,
105,강릉,2013-11-27,2.4,1
105,강릉,2013-11-28,-1.4,
105,강릉,2013-11-29,2,
105,강릉,2013-11-30,7.9,
105,강릉,2013-12-01,7.9,
105,강릉,2013-12-02,7.6,
105,강릉,2013-12-03,8.1,
105,강릉,2013-12-04,8.8,
105,강릉,2013-12-05,9,
105,강릉,2013-12-06,5.4,
105,강릉,2013-12-07,6.2,
105,강릉,2013-12-08,6.8,
105,강릉,2013-12-09,7.1,2.5
105,강릉,2013-12-10,3.7,12
105,강릉,2013-12-11,1.2,
105,강릉,2013-12-12,-.2,1
105,강릉,2013-12-13,-3.3,
105,강릉,2013-12-14,-.6,
105,강릉,2013-12-15,.1,
105,강릉,2013-12-16,1.9,
105,강릉,2013-12-17,1.9,5
105,강릉,2013-12-18,2.7,3.5
105,강릉,2013-12-19,.6,.1
105,강릉,2013-12-20,1.6,2
105,강릉,2013-12-21,2.2,.3
105,강릉,2013-12-22,1.1,
105,강릉,2013-12-23,1.6,
105,강릉,2013-12-24,1.6,
105,강릉,2013-12-25,4.4,
105,강릉,2013-12-26,3.1,
105,강릉,2013-12-27,-1.3,
105,강릉,2013-12-28,-2.9,
105,강릉,2013-12-29,.2,
105,강릉,2013-12-30,4.8,
105,강릉,2013-12-31,6.1,
105,강릉,2014-01-01,5.8,0
105,강릉,2014-01-02,4.7,
105,강릉,2014-01-03,6.6,
105,강릉,2014-01-04,1,9
105,강릉,2014-01-05,1,.1
105,강릉,2014-01-06,.8,
105,강릉,2014-01-07,4.8,
105,강릉,2014-01-08,4.7,
105,강릉,2014-01-09,-2.7,
105,강릉,2014-01-10,-1.9,
105,강릉,2014-01-11,.9,
105,강릉,2014-01-12,.9,
105,강릉,2014-01-13,-1.9,
105,강릉,2014-01-14,-2,
105,강릉,2014-01-15,.1,
105,강릉,2014-01-16,2.2,
105,강릉,2014-01-17,.9,
105,강릉,2014-01-18,0,
105,강릉,2014-01-19,.4,
105,강릉,2014-01-20,2.4,0
105,강릉,2014-01-21,-1.9,22
105,강릉,2014-01-22,-1,.4
105,강릉,2014-01-23,3.1,
105,강릉,2014-01-24,6.6,
105,강릉,2014-01-25,4.8,9
105,강릉,2014-01-26,0,5.5
105,강릉,2014-01-27,5.1,
105,강릉,2014-01-28,5.5,
105,강릉,2014-01-29,7.9,
105,강릉,2014-01-30,9.1,
105,강릉,2014-01-31,4.1,
105,강릉,2014-02-01,4.1,11
105,강릉,2014-02-02,8.3,.5
105,강릉,2014-02-03,3.1,
105,강릉,2014-02-04,-3.1,
105,강릉,2014-02-05,-3.7,
105,강릉,2014-02-06,-.8,.4
105,강릉,2014-02-07,.4,35.5
105,강릉,2014-02-08,-.3,21.5
105,강릉,2014-02-09,-.7,32
105,강릉,2014-02-10,-2.1,7
105,강릉,2014-02-11,-1.3,6
105,강릉,2014-02-12,-1.1,2.5
105,강릉,2014-02-13,-.4,16.5
105,강릉,2014-02-14,.3,1.5
105,강릉,2014-02-15,1,0
105,강릉,2014-02-16,2.9,
105,강릉,2014-02-17,.9,26
105,강릉,2014-02-18,-.8,8.5
105,강릉,2014-02-19,.9,
105,강릉,2014-02-20,.8,
105,강릉,2014-02-21,1,
105,강릉,2014-02-22,.9,
105,강릉,2014-02-23,1.6,
105,강릉,2014-02-24,3.4,
105,강릉,2014-02-25,6.6,
105,강릉,2014-02-26,4.3,
105,강릉,2014-02-27,6.9,
105,강릉,2014-02-28,4.4,
105,강릉,2014-03-01,3.5,.2
105,강릉,2014-03-02,1.6,15.5
105,강릉,2014-03-03,4.1,
105,강릉,2014-03-04,7.5,
105,강릉,2014-03-05,.2,12
105,강릉,2014-03-06,.1,
105,강릉,2014-03-07,1,
105,강릉,2014-03-08,3.1,
105,강릉,2014-03-09,1.6,
105,강릉,2014-03-10,1.4,
105,강릉,2014-03-11,8.4,
105,강릉,2014-03-12,8.2,7.5
105,강릉,2014-03-13,3.3,6.5
105,강릉,2014-03-14,4,
105,강릉,2014-03-15,9.5,
105,강릉,2014-03-16,9.8,
105,강릉,2014-03-17,11.7,
105,강릉,2014-03-18,12.2,
105,강릉,2014-03-19,7.5,.1
105,강릉,2014-03-20,4.7,9
105,강릉,2014-03-21,4.8,
105,강릉,2014-03-22,10.9,
105,강릉,2014-03-23,15.3,
105,강릉,2014-03-24,15.2,
105,강릉,2014-03-25,18.2,
105,강릉,2014-03-26,15.6,
105,강릉,2014-03-27,14.7,
105,강릉,2014-03-28,21.4,
105,강릉,2014-03-29,16,0
105,강릉,2014-03-30,8.7,4.5
105,강릉,2014-03-31,12.4,
105,강릉,2014-04-01,14.3,
105,강릉,2014-04-02,17.2,
105,강릉,2014-04-03,8.3,24.5
105,강릉,2014-04-04,4.4,3.5
105,강릉,2014-04-05,4.8,6.5
105,강릉,2014-04-06,8.7,
105,강릉,2014-04-07,16.9,
105,강릉,2014-04-08,14.5,
105,강릉,2014-04-09,19.2,
105,강릉,2014-04-10,11.7,
105,강릉,2014-04-11,10.5,
105,강릉,2014-04-12,11.9,
105,강릉,2014-04-13,12.2,
105,강릉,2014-04-14,14.6,
105,강릉,2014-04-15,21.9,
105,강릉,2014-04-16,16.2,
105,강릉,2014-04-17,13.7,2.5
105,강릉,2014-04-18,11.3,.2
105,강릉,2014-04-19,10.5,
105,강릉,2014-04-20,12.3,
105,강릉,2014-04-21,16.1,
105,강릉,2014-04-22,15.9,
105,강릉,2014-04-23,18.6,
105,강릉,2014-04-24,19.6,
105,강릉,2014-04-25,20.4,
105,강릉,2014-04-26,22.5,
105,강릉,2014-04-27,18.6,.1
105,강릉,2014-04-28,13.5,26.5
105,강릉,2014-04-29,12.5,119
105,강릉,2014-04-30,11.6,6.5
105,강릉,2014-05-01,18.2,
105,강릉,2014-05-02,21.9,
105,강릉,2014-05-03,17,
105,강릉,2014-05-04,17.3,
105,강릉,2014-05-05,13.3,
105,강릉,2014-05-06,15.8,
105,강릉,2014-05-07,19.5,
105,강릉,2014-05-08,15.7,7.5
105,강릉,2014-05-09,14.8,
105,강릉,2014-05-10,16.4,
105,강릉,2014-05-11,16,1.5
105,강릉,2014-05-12,20.1,.5
105,강릉,2014-05-13,23.8,
105,강릉,2014-05-14,24.4,
105,강릉,2014-05-15,21.3,
105,강릉,2014-05-16,19.8,
105,강릉,2014-05-17,17.2,
105,강릉,2014-05-18,17,
105,강릉,2014-05-19,18.1,
105,강릉,2014-05-20,19.5,
105,강릉,2014-05-21,16.5,
105,강릉,2014-05-22,16.3,.2
105,강릉,2014-05-23,16.5,
105,강릉,2014-05-24,25.9,
105,강릉,2014-05-25,23.5,.1
105,강릉,2014-05-26,23.4,.1
105,강릉,2014-05-27,26.8,
105,강릉,2014-05-28,23.2,0
105,강릉,2014-05-29,28.8,
105,강릉,2014-05-30,27,
105,강릉,2014-05-31,25.8,
105,강릉,2014-06-01,29.3,
105,강릉,2014-06-02,21.4,
105,강릉,2014-06-03,18.8,5
105,강릉,2014-06-04,18,7
105,강릉,2014-06-05,18,4.5
105,강릉,2014-06-06,19,
105,강릉,2014-06-07,18,
105,강릉,2014-06-08,17.8,0
105,강릉,2014-06-09,17.8,1.5
105,강릉,2014-06-10,18.1,2
105,강릉,2014-06-11,17.4,2.5
105,강릉,2014-06-12,17.3,
105,강릉,2014-06-13,18.6,.2
105,강릉,2014-06-14,24.1,
105,강릉,2014-06-15,26.8,
105,강릉,2014-06-16,25.4,
105,강릉,2014-06-17,20.3,1
105,강릉,2014-06-18,20,1.5
105,강릉,2014-06-19,21.9,.5
105,강릉,2014-06-20,18.7,6.5
105,강릉,2014-06-21,18.7,2.5
105,강릉,2014-06-22,19.5,
105,강릉,2014-06-23,20.7,3.5
105,강릉,2014-06-24,20.6,1.5
105,강릉,2014-06-25,23.8,
105,강릉,2014-06-26,23.8,
105,강릉,2014-06-27,24.3,
105,강릉,2014-06-28,23.5,16
105,강릉,2014-06-29,21.8,
105,강릉,2014-06-30,23.1,
105,강릉,2014-07-01,24.9,
105,강릉,2014-07-02,22.8,
105,강릉,2014-07-03,21.2,31.5
105,강릉,2014-07-04,22.7,.5
105,강릉,2014-07-05,22.3,
105,강릉,2014-07-06,21.7,
105,강릉,2014-07-07,23.1,
105,강릉,2014-07-08,24.8,
105,강릉,2014-07-09,27,27.5
105,강릉,2014-07-10,25.9,
105,강릉,2014-07-11,30,
105,강릉,2014-07-12,27.2,
105,강릉,2014-07-13,27.5,6
105,강릉,2014-07-14,28.8,
105,강릉,2014-07-15,28.4,
105,강릉,2014-07-16,28.3,
105,강릉,2014-07-17,28,
105,강릉,2014-07-18,29.4,
105,강릉,2014-07-19,28.7,0
105,강릉,2014-07-20,27.3,
105,강릉,2014-07-21,30.7,
105,강릉,2014-07-22,28.6,5.5
105,강릉,2014-07-23,27.1,8
105,강릉,2014-07-24,26.8,6
105,강릉,2014-07-25,23.4,10.5
105,강릉,2014-07-26,26.9,
105,강릉,2014-07-27,23.6,.3
105,강릉,2014-07-28,24,
105,강릉,2014-07-29,24.9,.1
105,강릉,2014-07-30,26.9,.1
105,강릉,2014-07-31,27.7,13.5
105,강릉,2014-08-01,28.3,
105,강릉,2014-08-02,26.5,
105,강릉,2014-08-03,24.6,18
105,강릉,2014-08-04,25.6,1
105,강릉,2014-08-05,28.8,
105,강릉,2014-08-06,26.5,24.5
105,강릉,2014-08-07,22.6,6.5
105,강릉,2014-08-08,22.8,
105,강릉,2014-08-09,22.7,26.5
105,강릉,2014-08-10,22.4,60.5
105,강릉,2014-08-11,25,3
105,강릉,2014-08-12,27,
105,강릉,2014-08-13,24.8,1
105,강릉,2014-08-14,21.6,4.5
105,강릉,2014-08-15,22.2,2
105,강릉,2014-08-16,23.8,.1
105,강릉,2014-08-17,22.6,2
105,강릉,2014-08-18,20.6,49
105,강릉,2014-08-19,20.9,24
105,강릉,2014-08-20,22,.5
105,강릉,2014-08-21,22.4,28.5
105,강릉,2014-08-22,26.5,
105,강릉,2014-08-23,28.1,
105,강릉,2014-08-24,26.9,.3
105,강릉,2014-08-25,21.9,28
105,강릉,2014-08-26,20.5,55.5
105,강릉,2014-08-27,20.9,1.5
105,강릉,2014-08-28,21.7,
105,강릉,2014-08-29,22,
105,강릉,2014-08-30,21.1,
105,강릉,2014-08-31,20.8,
105,강릉,2014-09-01,21.2,
105,강릉,2014-09-02,21.2,1.5
105,강릉,2014-09-03,19.7,95.5
105,강릉,2014-09-04,24.3,
105,강릉,2014-09-05,26.3,
105,강릉,2014-09-06,24.3,
105,강릉,2014-09-07,23,
105,강릉,2014-09-08,24,
105,강릉,2014-09-09,22.5,
105,강릉,2014-09-10,21.4,0
105,강릉,2014-09-11,21.6,
105,강릉,2014-09-12,21,.5
105,강릉,2014-09-13,20.6,.5
105,강릉,2014-09-14,20.7,
105,강릉,2014-09-15,22.3,2.5
105,강릉,2014-09-16,20.2,
105,강릉,2014-09-17,18.9,44
105,강릉,2014-09-18,19.6,
105,강릉,2014-09-19,20.4,
105,강릉,2014-09-20,20.4,
105,강릉,2014-09-21,19.6,
105,강릉,2014-09-22,19.6,
105,강릉,2014-09-23,20.8,
105,강릉,2014-09-24,18.3,26
105,강릉,2014-09-25,18,10
105,강릉,2014-09-26,18.6,
105,강릉,2014-09-27,21.7,
105,강릉,2014-09-28,21.3,.1
105,강릉,2014-09-29,20.5,1.5
105,강릉,2014-09-30,14.9,30
105,강릉,2014-10-01,16.7,
105,강릉,2014-10-02,19,
105,강릉,2014-10-03,19.1,6
105,강릉,2014-10-04,14.9,6
105,강릉,2014-10-05,14.9,
105,강릉,2014-10-06,15.4,1
105,강릉,2014-10-07,16.3,
105,강릉,2014-10-08,17.2,
105,강릉,2014-10-09,18.2,
105,강릉,2014-10-10,17,.5
105,강릉,2014-10-11,16.3,
105,강릉,2014-10-12,17.1,
105,강릉,2014-10-13,14.4,31.5
105,강릉,2014-10-14,12.3,
105,강릉,2014-10-15,14.5,
105,강릉,2014-10-16,15.3,
105,강릉,2014-10-17,15.7,
105,강릉,2014-10-18,17.2,
105,강릉,2014-10-19,18.2,
105,강릉,2014-10-20,16,6
105,강릉,2014-10-21,13.6,62.5
105,강릉,2014-10-22,11,2
105,강릉,2014-10-23,14,
105,강릉,2014-10-24,18.5,
105,강릉,2014-10-25,21.3,
105,강릉,2014-10-26,20.8,
105,강릉,2014-10-27,13.1,.2
105,강릉,2014-10-28,12.6,
105,강릉,2014-10-29,14.1,
105,강릉,2014-10-30,14.9,
105,강릉,2014-10-31,14.7,4.5
105,강릉,2014-11-01,14.7,2.5
105,강릉,2014-11-02,14,
105,강릉,2014-11-03,10.5,
105,강릉,2014-11-04,13,
105,강릉,2014-11-05,15,
105,강릉,2014-11-06,14.7,
105,강릉,2014-11-07,9.6,46.5
105,강릉,2014-11-08,11.5,
105,강릉,2014-11-09,12.5,
105,강릉,2014-11-10,11.2,
105,강릉,2014-11-11,13.4,
105,강릉,2014-11-12,9.7,
105,강릉,2014-11-13,2.5,
105,강릉,2014-11-14,6.8,
105,강릉,2014-11-15,7.4,
105,강릉,2014-11-16,8.7,
105,강릉,2014-11-17,9,
105,강릉,2014-11-18,7.7,
105,강릉,2014-11-19,8.5,
105,강릉,2014-11-20,10,
105,강릉,2014-11-21,13.6,
105,강릉,2014-11-22,12.3,.4
105,강릉,2014-11-23,10.6,
105,강릉,2014-11-24,10.6,
105,강릉,2014-11-25,8,27.5
105,강릉,2014-11-26,7.9,.1
105,강릉,2014-11-27,10.7,
105,강릉,2014-11-28,9.8,2
105,강릉,2014-11-29,10.1,1
105,강릉,2014-11-30,9.6,4.5
105,강릉,2014-12-01,3.2,
105,강릉,2014-12-02,-2.9,
105,강릉,2014-12-03,1.7,
105,강릉,2014-12-04,-.2,
105,강릉,2014-12-05,-2.6,
105,강릉,2014-12-06,-1.5,
105,강릉,2014-12-07,.1,
105,강릉,2014-12-08,3.6,
105,강릉,2014-12-09,1.8,
105,강릉,2014-12-10,7.1,
105,강릉,2014-12-11,4,
105,강릉,2014-12-12,.5,
105,강릉,2014-12-13,-2.2,
105,강릉,2014-12-14,-.7,
105,강릉,2014-12-15,1.9,.4
105,강릉,2014-12-16,-1,0
105,강릉,2014-12-17,-7,
105,강릉,2014-12-18,-4.9,
105,강릉,2014-12-19,2.3,
105,강릉,2014-12-20,2.9,
105,강릉,2014-12-21,-2.9,
105,강릉,2014-12-22,-1.1,
105,강릉,2014-12-23,4.1,
105,강릉,2014-12-24,6.2,
105,강릉,2014-12-25,1,
105,강릉,2014-12-26,-.1,
105,강릉,2014-12-27,3.9,
105,강릉,2014-12-28,4.2,
105,강릉,2014-12-29,5.3,
105,강릉,2014-12-30,5.9,
105,강릉,2014-12-31,2,
105,강릉,2015-01-01,-5.2,
105,강릉,2015-01-02,-2.9,
105,강릉,2015-01-03,1.4,
105,강릉,2015-01-04,5.7,
105,강릉,2015-01-05,7.4,
105,강릉,2015-01-06,4.3,0
105,강릉,2015-01-07,-2,
105,강릉,2015-01-08,-.1,
105,강릉,2015-01-09,1.7,
105,강릉,2015-01-10,3.2,
105,강릉,2015-01-11,2,
105,강릉,2015-01-12,-.2,
105,강릉,2015-01-13,3.5,
105,강릉,2015-01-14,5.7,
105,강릉,2015-01-15,3.7,3
105,강릉,2015-01-16,3,
105,강릉,2015-01-17,.8,
105,강릉,2015-01-18,3,
105,강릉,2015-01-19,4,
105,강릉,2015-01-20,2.4,
105,강릉,2015-01-21,3.2,
105,강릉,2015-01-22,1.8,13.5
105,강릉,2015-01-23,3.1,
105,강릉,2015-01-24,4.7,
105,강릉,2015-01-25,4.8,.1
105,강릉,2015-01-26,5.5,.3
105,강릉,2015-01-27,2,2.5
105,강릉,2015-01-28,-.8,1
105,강릉,2015-01-29,1.4,
105,강릉,2015-01-30,2.1,
105,강릉,2015-01-31,-1.1,
105,강릉,2015-02-01,.2,
105,강릉,2015-02-02,1.3,
105,강릉,2015-02-03,2.2,
105,강릉,2015-02-04,2.2,.1
105,강릉,2015-02-05,1,2.5
105,강릉,2015-02-06,4.2,
105,강릉,2015-02-07,4.9,
105,강릉,2015-02-08,-3.5,
105,강릉,2015-02-09,-2.7,
105,강릉,2015-02-10,3.5,
105,강릉,2015-02-11,5.8,
105,강릉,2015-02-12,1.2,
105,강릉,2015-02-13,1,
105,강릉,2015-02-14,5.2,
105,강릉,2015-02-15,7.4,
105,강릉,2015-02-16,4.9,4.5
105,강릉,2015-02-17,3.2,.5
105,강릉,2015-02-18,2.9,1.5
105,강릉,2015-02-19,1.6,2
105,강릉,2015-02-20,4.2,
105,강릉,2015-02-21,4.9,2
105,강릉,2015-02-22,6.7,
105,강릉,2015-02-23,4.8,
105,강릉,2015-02-24,4.1,
105,강릉,2015-02-25,5,
105,강릉,2015-02-26,5.6,
105,강릉,2015-02-27,0,
105,강릉,2015-02-28,3.8,
105,강릉,2015-03-01,5.9,
105,강릉,2015-03-02,6.8,
105,강릉,2015-03-03,7.3,
105,강릉,2015-03-04,1.6,
105,강릉,2015-03-05,.5,
105,강릉,2015-03-06,3.3,
105,강릉,2015-03-07,5.3,
105,강릉,2015-03-08,8.2,
105,강릉,2015-03-09,6.5,
105,강릉,2015-03-10,-.9,
105,강릉,2015-03-11,2.4,
105,강릉,2015-03-12,4.3,
105,강릉,2015-03-13,4.2,.1
105,강릉,2015-03-14,4.5,
105,강릉,2015-03-15,9.6,
105,강릉,2015-03-16,11.3,
105,강릉,2015-03-17,14.7,
105,강릉,2015-03-18,5.4,19
105,강릉,2015-03-19,7.6,
105,강릉,2015-03-20,10,
105,강릉,2015-03-21,15.1,
105,강릉,2015-03-22,11.6,
105,강릉,2015-03-23,6.1,
105,강릉,2015-03-24,4.3,
105,강릉,2015-03-25,7.3,
105,강릉,2015-03-26,13.6,
105,강릉,2015-03-27,16.2,
105,강릉,2015-03-28,16.2,
105,강릉,2015-03-29,12.8,
105,강릉,2015-03-30,15.8,
105,강릉,2015-03-31,16.1,3
105,강릉,2015-04-01,7.1,14
105,강릉,2015-04-02,9.3,3
105,강릉,2015-04-03,8.8,13.5
105,강릉,2015-04-04,6.9,.5
105,강릉,2015-04-05,6.8,.1
105,강릉,2015-04-06,8,
105,강릉,2015-04-07,3.5,8.5
105,강릉,2015-04-08,5.2,.2
105,강릉,2015-04-09,7,
105,강릉,2015-04-10,10.3,
105,강릉,2015-04-11,7.8,
105,강릉,2015-04-12,7.4,
105,강릉,2015-04-13,6.4,4
105,강릉,2015-04-14,5.4,11
105,강릉,2015-04-15,12.7,
105,강릉,2015-04-16,15.6,.5
105,강릉,2015-04-17,15,
105,강릉,2015-04-18,18.4,0
105,강릉,2015-04-19,13.9,5.5
105,강릉,2015-04-20,8.6,16
105,강릉,2015-04-21,16,
105,강릉,2015-04-22,15.6,
105,강릉,2015-04-23,19.3,
105,강릉,2015-04-24,16.3,
105,강릉,2015-04-25,18.6,
105,강릉,2015-04-26,24.4,
105,강릉,2015-04-27,24.1,
105,강릉,2015-04-28,20,
105,강릉,2015-04-29,12.1,
105,강릉,2015-04-30,13.4,
105,강릉,2015-05-01,19.7,
105,강릉,2015-05-02,20.2,0
105,강릉,2015-05-03,18.6,1
105,강릉,2015-05-04,17,
105,강릉,2015-05-05,19.3,
105,강릉,2015-05-06,19.7,
105,강릉,2015-05-07,16.5,
105,강릉,2015-05-08,19,
105,강릉,2015-05-09,15.7,
105,강릉,2015-05-10,11.3,
105,강릉,2015-05-11,14,.1
105,강릉,2015-05-12,17.4,1.5
105,강릉,2015-05-13,22,
105,강릉,2015-05-14,22.6,
105,강릉,2015-05-15,12.5,
105,강릉,2015-05-16,19.6,.1
105,강릉,2015-05-17,23.7,
105,강릉,2015-05-18,22.3,
105,강릉,2015-05-19,21,.2
105,강릉,2015-05-20,17,
105,강릉,2015-05-21,22.9,
105,강릉,2015-05-22,25.9,
105,강릉,2015-05-23,25.5,
105,강릉,2015-05-24,24.6,
105,강릉,2015-05-25,23.5,
105,강릉,2015-05-26,27.7,
105,강릉,2015-05-27,17.2,
105,강릉,2015-05-28,18.3,
105,강릉,2015-05-29,22.4,
105,강릉,2015-05-30,21.4,.2
105,강릉,2015-05-31,20.5,
105,강릉,2015-06-01,26.9,
105,강릉,2015-06-02,25.2,
105,강릉,2015-06-03,22.2,
105,강릉,2015-06-04,24.4,
105,강릉,2015-06-05,18.9,3.5
105,강릉,2015-06-06,19.3,
105,강릉,2015-06-07,22.5,
105,강릉,2015-06-08,20.6,
105,강릉,2015-06-09,22.3,
105,강릉,2015-06-10,25.9,
105,강릉,2015-06-11,21.6,.5
105,강릉,2015-06-12,18,
105,강릉,2015-06-13,17.9,4.5
105,강릉,2015-06-14,18.8,
105,강릉,2015-06-15,18.9,
105,강릉,2015-06-16,20.1,
105,강릉,2015-06-17,20.2,
105,강릉,2015-06-18,19.5,4
105,강릉,2015-06-19,18.2,.5
105,강릉,2015-06-20,18.9,
105,강릉,2015-06-21,20.7,
105,강릉,2015-06-22,23.1,
105,강릉,2015-06-23,20.7,
105,강릉,2015-06-24,21.3,
105,강릉,2015-06-25,21.8,2.5
105,강릉,2015-06-26,18.3,155.5
105,강릉,2015-06-27,18.5,3
105,강릉,2015-06-28,19.8,
105,강릉,2015-06-29,24.6,
105,강릉,2015-06-30,20.9,1
105,강릉,2015-07-01,23,3
105,강릉,2015-07-02,23.6,
105,강릉,2015-07-03,19.8,6.5
105,강릉,2015-07-04,18.8,.2
105,강릉,2015-07-05,20.4,
105,강릉,2015-07-06,21.2,
105,강릉,2015-07-07,20.5,.2
105,강릉,2015-07-08,18.9,22
105,강릉,2015-07-09,20.1,6
105,강릉,2015-07-10,22.1,
105,강릉,2015-07-11,24.1,
105,강릉,2015-07-12,24.1,4
105,강릉,2015-07-13,28.4,
105,강릉,2015-07-14,28.2,
105,강릉,2015-07-15,23,
105,강릉,2015-07-16,19.3,.3
105,강릉,2015-07-17,19.5,.5
105,강릉,2015-07-18,21.9,
105,강릉,2015-07-19,21.8,.5
105,강릉,2015-07-20,20.4,.3
105,강릉,2015-07-21,21,.1
105,강릉,2015-07-22,22.9,1
105,강릉,2015-07-23,25.3,4
105,강릉,2015-07-24,24.5,13
105,강릉,2015-07-25,24.8,.3
105,강릉,2015-07-26,28.1,
105,강릉,2015-07-27,29.7,
105,강릉,2015-07-28,30.5,
105,강릉,2015-07-29,28.7,1
105,강릉,2015-07-30,32.4,
105,강릉,2015-07-31,31.7,
105,강릉,2015-08-01,26.6,.5
105,강릉,2015-08-02,27.5,1
105,강릉,2015-08-03,31.1,
105,강릉,2015-08-04,31,
105,강릉,2015-08-05,30.6,
105,강릉,2015-08-06,30.4,
105,강릉,2015-08-07,27.8,
105,강릉,2015-08-08,26.9,11.5
105,강릉,2015-08-09,27.4,
105,강릉,2015-08-10,28.9,
105,강릉,2015-08-11,27.6,
105,강릉,2015-08-12,25.5,
105,강릉,2015-08-13,24.8,19
105,강릉,2015-08-14,23.5,5.1
105,강릉,2015-08-15,26.2,
105,강릉,2015-08-16,25.4,21
105,강릉,2015-08-17,24.9,
105,강릉,2015-08-18,25,.5
105,강릉,2015-08-19,24.6,
105,강릉,2015-08-20,25.5,
105,강릉,2015-08-21,24.8,.5
105,강릉,2015-08-22,25.8,
105,강릉,2015-08-23,25.4,
105,강릉,2015-08-24,23.3,62.5
105,강릉,2015-08-25,20.9,89
105,강릉,2015-08-26,19.4,12.5
105,강릉,2015-08-27,25.4,
105,강릉,2015-08-28,24.1,.1
105,강릉,2015-08-29,24.5,
105,강릉,2015-08-30,22.9,1.5
105,강릉,2015-08-31,22.8,.1
105,강릉,2015-09-01,22.2,1.5
105,강릉,2015-09-02,23.8,3.5
105,강릉,2015-09-03,24.1,
105,강릉,2015-09-04,22.3,
105,강릉,2015-09-05,21.4,32
105,강릉,2015-09-06,20.1,9
105,강릉,2015-09-07,19.4,2
105,강릉,2015-09-08,18.8,
105,강릉,2015-09-09,19.9,0
105,강릉,2015-09-10,21.3,
105,강릉,2015-09-11,20.9,2.5
105,강릉,2015-09-12,17.8,19.5
105,강릉,2015-09-13,18.7,
105,강릉,2015-09-14,20.3,
105,강릉,2015-09-15,18.8,
105,강릉,2015-09-16,18.4,
105,강릉,2015-09-17,19.2,
105,강릉,2015-09-18,19.7,
105,강릉,2015-09-19,19.4,
105,강릉,2015-09-20,20.1,
105,강릉,2015-09-21,20.9,
105,강릉,2015-09-22,21,
105,강릉,2015-09-23,19.8,
105,강릉,2015-09-24,20.1,0
105,강릉,2015-09-25,20.2,
105,강릉,2015-09-26,20.2,
105,강릉,2015-09-27,20.3,
105,강릉,2015-09-28,20.9,0
105,강릉,2015-09-29,18.5,
105,강릉,2015-09-30,18.6,
105,강릉,2015-10-01,17.6,8
105,강릉,2015-10-02,17.6,
105,강릉,2015-10-03,21.1,
105,강릉,2015-10-04,15.5,
105,강릉,2015-10-05,17.4,
105,강릉,2015-10-06,19.8,
105,강릉,2015-10-07,19.7,
105,강릉,2015-10-08,18.4,0
105,강릉,2015-10-09,18,
105,강릉,2015-10-10,14.7,
105,강릉,2015-10-11,13.4,
105,강릉,2015-10-12,14.2,
105,강릉,2015-10-13,17.5,
105,강릉,2015-10-14,16.6,
105,강릉,2015-10-15,15.8,
105,강릉,2015-10-16,16.4,
105,강릉,2015-10-17,18.4,
105,강릉,2015-10-18,20.4,.5
105,강릉,2015-10-19,19.2,1
105,강릉,2015-10-20,17.9,
105,강릉,2015-10-21,16.9,4.5
105,강릉,2015-10-22,13.3,7
105,강릉,2015-10-23,15.5,
105,강릉,2015-10-24,19,
105,강릉,2015-10-25,13.5,
105,강릉,2015-10-26,13.6,
105,강릉,2015-10-27,15.4,0
105,강릉,2015-10-28,12.5,
105,강릉,2015-10-29,10.9,
105,강릉,2015-10-30,8.6,
105,강릉,2015-10-31,6.8,
105,강릉,2015-11-01,10.5,
105,강릉,2015-11-02,13.7,
105,강릉,2015-11-03,14.1,
105,강릉,2015-11-04,15.6,
105,강릉,2015-11-05,15.8,
105,강릉,2015-11-06,11.7,2.5
105,강릉,2015-11-07,11.8,66
105,강릉,2015-11-08,11.3,62.5
105,강릉,2015-11-09,11.2,16.5
105,강릉,2015-11-10,11.4,.5
105,강릉,2015-11-11,10.5,11.5
105,강릉,2015-11-12,11.9,3.5
105,강릉,2015-11-13,11.7,30.5
105,강릉,2015-11-14,13.1,28
105,강릉,2015-11-15,13.4,
105,강릉,2015-11-16,13,3.5
105,강릉,2015-11-17,11.8,.5
105,강릉,2015-11-18,9.1,18
105,강릉,2015-11-19,8.9,.3
105,강릉,2015-11-20,10.6,.5
105,강릉,2015-11-21,10,
105,강릉,2015-11-22,9.5,43.5
105,강릉,2015-11-23,8,24
105,강릉,2015-11-24,5.4,22
105,강릉,2015-11-25,4.1,15
105,강릉,2015-11-26,1.7,
105,강릉,2015-11-27,1.5,
105,강릉,2015-11-28,3.8,
105,강릉,2015-11-29,4.7,
105,강릉,2015-11-30,7.7,.1
105,강릉,2015-12-01,5.6,
105,강릉,2015-12-02,8.8,
105,강릉,2015-12-03,3,.1
105,강릉,2015-12-04,2,
105,강릉,2015-12-05,7.1,
105,강릉,2015-12-06,4.9,
105,강릉,2015-12-07,5.7,
105,강릉,2015-12-08,6.4,0
105,강릉,2015-12-09,10.2,
105,강릉,2015-12-10,10.2,
105,강릉,2015-12-11,5.7,8.5
105,강릉,2015-12-12,4.2,
105,강릉,2015-12-13,5.4,
105,강릉,2015-12-14,7.2,.1
105,강릉,2015-12-15,7.9,.1
105,강릉,2015-12-16,3,
105,강릉,2015-12-17,-.8,
105,강릉,2015-12-18,3.2,
105,강릉,2015-12-19,4.5,
105,강릉,2015-12-20,7.1,
105,강릉,2015-12-21,7.1,0
105,강릉,2015-12-22,5.8,
105,강릉,2015-12-23,6.1,.5
105,강릉,2015-12-24,6.1,
105,강릉,2015-12-25,3,
105,강릉,2015-12-26,5.2,
105,강릉,2015-12-27,-.3,
105,강릉,2015-12-28,-.8,
105,강릉,2015-12-29,1.2,
105,강릉,2015-12-30,3.4,
105,강릉,2015-12-31,4.3,
105,강릉,2016-01-01,5.1,
105,강릉,2016-01-02,9.1,
105,강릉,2016-01-03,9,
105,강릉,2016-01-04,7.4,
105,강릉,2016-01-05,3,
105,강릉,2016-01-06,1.9,
105,강릉,2016-01-07,1.3,
105,강릉,2016-01-08,.5,
105,강릉,2016-01-09,1.7,
105,강릉,2016-01-10,2.8,
105,강릉,2016-01-11,.1,
105,강릉,2016-01-12,-.2,
105,강릉,2016-01-13,-1,
105,강릉,2016-01-14,-.8,
105,강릉,2016-01-15,0,
105,강릉,2016-01-16,1.4,
105,강릉,2016-01-17,3.6,.4
105,강릉,2016-01-18,-1.1,0
105,강릉,2016-01-19,-8.4,
105,강릉,2016-01-20,-4.5,
105,강릉,2016-01-21,-2.5,
105,강릉,2016-01-22,-1.6,
105,강릉,2016-01-23,-6.2,
105,강릉,2016-01-24,-9.8,
105,강릉,2016-01-25,-5,
105,강릉,2016-01-26,.4,
105,강릉,2016-01-27,2.7,
105,강릉,2016-01-28,2.1,
105,강릉,2016-01-29,.8,16.5
105,강릉,2016-01-30,1.3,10.5
105,강릉,2016-01-31,.1,
105,강릉,2016-02-01,-1.6,
105,강릉,2016-02-02,-2.1,
105,강릉,2016-02-03,.4,
105,강릉,2016-02-04,3.2,
105,강릉,2016-02-05,1.6,
105,강릉,2016-02-06,-1.4,12
105,강릉,2016-02-07,-.4,0
105,강릉,2016-02-08,2.2,0
105,강릉,2016-02-09,3.1,
105,강릉,2016-02-10,2.8,
105,강릉,2016-02-11,3.6,
105,강릉,2016-02-12,5.2,2
105,강릉,2016-02-13,6.3,11
105,강릉,2016-02-14,1.4,3.5
105,강릉,2016-02-15,-2.9,
105,강릉,2016-02-16,0,
105,강릉,2016-02-17,2.3,
105,강릉,2016-02-18,6.3,
105,강릉,2016-02-19,6.5,
105,강릉,2016-02-20,2.4,
105,강릉,2016-02-21,2.1,
105,강릉,2016-02-22,4.4,
105,강릉,2016-02-23,4.1,2
105,강릉,2016-02-24,-.7,3.5
105,강릉,2016-02-25,.8,
105,강릉,2016-02-26,2.6,
105,강릉,2016-02-27,2.7,0
105,강릉,2016-02-28,2.3,14.5
105,강릉,2016-02-29,-1.6,
105,강릉,2016-03-01,-.5,
105,강릉,2016-03-02,5.2,
105,강릉,2016-03-03,8.4,
105,강릉,2016-03-04,5,
105,강릉,2016-03-05,6.5,6.5
105,강릉,2016-03-06,7.7,
105,강릉,2016-03-07,6.5,
105,강릉,2016-03-08,6.4,
105,강릉,2016-03-09,1,9.5
105,강릉,2016-03-10,.3,.8
105,강릉,2016-03-11,.3,
105,강릉,2016-03-12,3.9,
105,강릉,2016-03-13,6.6,
105,강릉,2016-03-14,3,2
105,강릉,2016-03-15,8.2,
105,강릉,2016-03-16,13.3,
105,강릉,2016-03-17,15.5,
105,강릉,2016-03-18,15.8,
105,강릉,2016-03-19,9.9,
105,강릉,2016-03-20,6.9,
105,강릉,2016-03-21,9.3,
105,강릉,2016-03-22,11.2,
105,강릉,2016-03-23,4.8,9
105,강릉,2016-03-24,4.5,1
105,강릉,2016-03-25,5.4,.5
105,강릉,2016-03-26,7.6,
105,강릉,2016-03-27,10.7,
105,강릉,2016-03-28,14,
105,강릉,2016-03-29,15.7,
105,강릉,2016-03-30,15.5,
105,강릉,2016-03-31,17.4,
105,강릉,2016-04-01,11.3,
105,강릉,2016-04-02,12,
105,강릉,2016-04-03,10,1
105,강릉,2016-04-04,10.1,
105,강릉,2016-04-05,16.3,
105,강릉,2016-04-06,15.3,.5
105,강릉,2016-04-07,13.7,21
105,강릉,2016-04-08,17.6,
105,강릉,2016-04-09,19.2,
105,강릉,2016-04-10,8.5,4.5
105,강릉,2016-04-11,7.4,2
105,강릉,2016-04-12,11.9,
105,강릉,2016-04-13,16,
105,강릉,2016-04-14,15.8,
105,강릉,2016-04-15,14.1,
105,강릉,2016-04-16,18.7,14.5
105,강릉,2016-04-17,14.4,3.5
105,강릉,2016-04-18,13,1.5
105,강릉,2016-04-19,12.5,
105,강릉,2016-04-20,16.6,4
105,강릉,2016-04-21,12.7,20.5
105,강릉,2016-04-22,21.7,
105,강릉,2016-04-23,16.4,
105,강릉,2016-04-24,13.1,
105,강릉,2016-04-25,17.7,
105,강릉,2016-04-26,13,
105,강릉,2016-04-27,9.5,
105,강릉,2016-04-28,9.8,
105,강릉,2016-04-29,14.9,
105,강릉,2016-04-30,19.9,
105,강릉,2016-05-01,17.9,
105,강릉,2016-05-02,15.5,.5
105,강릉,2016-05-03,17.9,.2
105,강릉,2016-05-04,16.8,.3
105,강릉,2016-05-05,20.6,
105,강릉,2016-05-06,17.9,0
105,강릉,2016-05-07,18.9,
105,강릉,2016-05-08,18.1,
105,강릉,2016-05-09,18,
105,강릉,2016-05-10,12.3,28
105,강릉,2016-05-11,14.7,2
105,강릉,2016-05-12,22.7,
105,강릉,2016-05-13,16,
105,강릉,2016-05-14,14.5,
105,강릉,2016-05-15,13.9,1.5
105,강릉,2016-05-16,18.3,1
105,강릉,2016-05-17,23.2,
105,강릉,2016-05-18,24.8,
105,강릉,2016-05-19,23.4,
105,강릉,2016-05-20,17.7,
105,강릉,2016-05-21,18.7,
105,강릉,2016-05-22,18.8,
105,강릉,2016-05-23,18.5,
105,강릉,2016-05-24,19.2,.1
105,강릉,2016-05-25,23.2,
105,강릉,2016-05-26,23.2,0
105,강릉,2016-05-27,21.8,
105,강릉,2016-05-28,24.8,
105,강릉,2016-05-29,23.9,
105,강릉,2016-05-30,19.5,
105,강릉,2016-05-31,22.8,
105,강릉,2016-06-01,19.6,
105,강릉,2016-06-02,20.5,
105,강릉,2016-06-03,25.3,
105,강릉,2016-06-04,23.9,
105,강릉,2016-06-05,17.8,
105,강릉,2016-06-06,19.1,0
105,강릉,2016-06-07,19.6,.2
105,강릉,2016-06-08,20.8,
105,강릉,2016-06-09,20.8,
105,강릉,2016-06-10,22,
105,강릉,2016-06-11,24.4,
105,강릉,2016-06-12,24.2,2.5
105,강릉,2016-06-13,18.4,1
105,강릉,2016-06-14,18.9,3.5
105,강릉,2016-06-15,19.5,10
105,강릉,2016-06-16,22.2,
105,강릉,2016-06-17,26.8,
105,강릉,2016-06-18,26.3,
105,강릉,2016-06-19,20.3,.3
105,강릉,2016-06-20,21.6,
105,강릉,2016-06-21,21.5,
105,강릉,2016-06-22,20.5,5.5
105,강릉,2016-06-23,23.5,
105,강릉,2016-06-24,19.7,10.5
105,강릉,2016-06-25,22.6,
105,강릉,2016-06-26,24.8,
105,강릉,2016-06-27,24.3,
105,강릉,2016-06-28,21,.2
105,강릉,2016-06-29,22.1,
105,강릉,2016-06-30,24.1,7
105,강릉,2016-07-01,24.4,47
105,강릉,2016-07-02,23.9,19.5
105,강릉,2016-07-03,24.8,.1
105,강릉,2016-07-04,20.2,94
105,강릉,2016-07-05,19.6,78
105,강릉,2016-07-06,18.4,13.5
105,강릉,2016-07-07,20.3,
105,강릉,2016-07-08,23.8,
105,강릉,2016-07-09,26.3,
105,강릉,2016-07-10,26.7,
105,강릉,2016-07-11,24.8,
105,강릉,2016-07-12,24.1,
105,강릉,2016-07-13,24.5,
105,강릉,2016-07-14,23,51.5
105,강릉,2016-07-15,22.9,
105,강릉,2016-07-16,19.8,96
105,강릉,2016-07-17,20.8,3.5
105,강릉,2016-07-18,22.1,
105,강릉,2016-07-19,21.6,
105,강릉,2016-07-20,22.3,1
105,강릉,2016-07-21,22.2,
105,강릉,2016-07-22,23.2,
105,강릉,2016-07-23,24,0
105,강릉,2016-07-24,23.8,.5
105,강릉,2016-07-25,24.3,
105,강릉,2016-07-26,28.9,
105,강릉,2016-07-27,30,
105,강릉,2016-07-28,30.5,
105,강릉,2016-07-29,29.1,0
105,강릉,2016-07-30,30.1,.1
105,강릉,2016-07-31,26.8,19.5
105,강릉,2016-08-01,26.3,1.5
105,강릉,2016-08-02,26,1.5
105,강릉,2016-08-03,26.4,
105,강릉,2016-08-04,26.2,
105,강릉,2016-08-05,27.2,
105,강릉,2016-08-06,27.4,
105,강릉,2016-08-07,28.8,2
105,강릉,2016-08-08,26.9,23.5
105,강릉,2016-08-09,25.1,.1
105,강릉,2016-08-10,27.7,
105,강릉,2016-08-11,29.8,
105,강릉,2016-08-12,30.5,
105,강릉,2016-08-13,31.5,
105,강릉,2016-08-14,29.3,21
105,강릉,2016-08-15,27.9,.5
105,강릉,2016-08-16,26.6,.5
105,강릉,2016-08-17,26.3,
105,강릉,2016-08-18,27,
105,강릉,2016-08-19,27.2,
105,강릉,2016-08-20,26.8,
105,강릉,2016-08-21,25.9,1
105,강릉,2016-08-22,26.2,
105,강릉,2016-08-23,25.5,
105,강릉,2016-08-24,26,
105,강릉,2016-08-25,27.9,7.5
105,강릉,2016-08-26,19.1,72.5
105,강릉,2016-08-27,20.3,
105,강릉,2016-08-28,19.2,96
105,강릉,2016-08-29,17.4,49.5
105,강릉,2016-08-30,19.1,4
105,강릉,2016-08-31,21.2,1.5
105,강릉,2016-09-01,24.2,
105,강릉,2016-09-02,21.3,2
105,강릉,2016-09-03,21,6.5
105,강릉,2016-09-04,22,24.5
105,강릉,2016-09-05,22,21
105,강릉,2016-09-06,23.8,
105,강릉,2016-09-07,23,0
105,강릉,2016-09-08,21.2,1.5
105,강릉,2016-09-09,21.1,3
105,강릉,2016-09-10,21.9,
105,강릉,2016-09-11,22.2,.5
105,강릉,2016-09-12,20.6,4
105,강릉,2016-09-13,20,
105,강릉,2016-09-14,21.1,
105,강릉,2016-09-15,21.7,
105,강릉,2016-09-16,23.9,
105,강릉,2016-09-17,19.3,11.5
105,강릉,2016-09-18,19.9,2
105,강릉,2016-09-19,18.8,.5
105,강릉,2016-09-20,17.2,
105,강릉,2016-09-21,17.9,
105,강릉,2016-09-22,18.2,
105,강릉,2016-09-23,18.9,
105,강릉,2016-09-24,20.8,
105,강릉,2016-09-25,22.9,
105,강릉,2016-09-26,20.6,.1
105,강릉,2016-09-27,19.8,6
105,강릉,2016-09-28,19.1,21.5
105,강릉,2016-09-29,16.3,.2
105,강릉,2016-09-30,18.6,
105,강릉,2016-10-01,18.8,
105,강릉,2016-10-02,19.8,.5
105,강릉,2016-10-03,19.2,5.5
105,강릉,2016-10-04,18.3,.1
105,강릉,2016-10-05,16.7,22
105,강릉,2016-10-06,17,.3
105,강릉,2016-10-07,17.9,3.5
105,강릉,2016-10-08,19.2,.5
105,강릉,2016-10-09,12.6,
105,강릉,2016-10-10,13.3,
105,강릉,2016-10-11,17.4,
105,강릉,2016-10-12,14.3,.3
105,강릉,2016-10-13,14.8,
105,강릉,2016-10-14,17.2,
105,강릉,2016-10-15,19.1,
105,강릉,2016-10-16,17.5,0
105,강릉,2016-10-17,18.9,
105,강릉,2016-10-18,17.3,
105,강릉,2016-10-19,19.4,
105,강릉,2016-10-20,16.9,.4
105,강릉,2016-10-21,14.6,1
105,강릉,2016-10-22,15.7,2.5
105,강릉,2016-10-23,10.5,18.5
105,강릉,2016-10-24,12.2,
105,강릉,2016-10-25,12.4,6
105,강릉,2016-10-26,14.9,
105,강릉,2016-10-27,14.5,
105,강릉,2016-10-28,13.9,1.5
105,강릉,2016-10-29,9.2,15.5
105,강릉,2016-10-30,8.7,
105,강릉,2016-10-31,11.1,
105,강릉,2016-11-01,5.9,
105,강릉,2016-11-02,7.1,
105,강릉,2016-11-03,10.1,
105,강릉,2016-11-04,14.1,
105,강릉,2016-11-05,16.1,5
105,강릉,2016-11-06,8.9,23
105,강릉,2016-11-07,12.9,0
105,강릉,2016-11-08,9.4,0
105,강릉,2016-11-09,4.8,
105,강릉,2016-11-10,6.4,
105,강릉,2016-11-11,10.3,
105,강릉,2016-11-12,13.7,
105,강릉,2016-11-13,12.9,
105,강릉,2016-11-14,15.8,
105,강릉,2016-11-15,10.6,
105,강릉,2016-11-16,9.3,
105,강릉,2016-11-17,8.5,
105,강릉,2016-11-18,14.3,.5
105,강릉,2016-11-19,15,
105,강릉,2016-11-20,12.4,
105,강릉,2016-11-21,9.3,
105,강릉,2016-11-22,6.7,4
105,강릉,2016-11-23,3.8,.5
105,강릉,2016-11-24,2.2,
105,강릉,2016-11-25,3.1,
105,강릉,2016-11-26,4.1,
105,강릉,2016-11-27,6.7,
105,강릉,2016-11-28,4.5,
105,강릉,2016-11-29,4.6,.5
105,강릉,2016-11-30,8.6,
105,강릉,2016-12-01,7.9,
105,강릉,2016-12-02,8.2,
105,강릉,2016-12-03,10.5,
105,강릉,2016-12-04,11.8,
105,강릉,2016-12-05,10.1,
105,강릉,2016-12-06,3.7,
105,강릉,2016-12-07,5,
105,강릉,2016-12-08,5.5,
105,강릉,2016-12-09,4.9,.5
105,강릉,2016-12-10,2.5,
105,강릉,2016-12-11,1.9,
105,강릉,2016-12-12,5.7,
105,강릉,2016-12-13,6.5,.5
105,강릉,2016-12-14,.9,22
105,강릉,2016-12-15,-.8,
105,강릉,2016-12-16,-.9,
105,강릉,2016-12-17,6.4,
105,강릉,2016-12-18,8.4,
105,강릉,2016-12-19,9.5,
105,강릉,2016-12-20,8,
105,강릉,2016-12-21,8.5,20
105,강릉,2016-12-22,5.7,16.5
105,강릉,2016-12-23,2.8,
105,강릉,2016-12-24,2.6,
105,강릉,2016-12-25,4.9,
105,강릉,2016-12-26,7.3,0
105,강릉,2016-12-27,1,23
105,강릉,2016-12-28,.5,
105,강릉,2016-12-29,-.4,
105,강릉,2016-12-30,1.2,
105,강릉,2016-12-31,4.9,
105,강릉,2017-01-01,6.6,
105,강릉,2017-01-02,8.6,
105,강릉,2017-01-03,6.8,
105,강릉,2017-01-04,6.1,
105,강릉,2017-01-05,2.5,6
105,강릉,2017-01-06,4.9,0
105,강릉,2017-01-07,6.5,
105,강릉,2017-01-08,5.5,1.5
105,강릉,2017-01-09,5.8,.5
105,강릉,2017-01-10,1.2,
105,강릉,2017-01-11,-1.1,
105,강릉,2017-01-12,1.2,
105,강릉,2017-01-13,-2.3,
105,강릉,2017-01-14,-5.6,
105,강릉,2017-01-15,-1.8,
105,강릉,2017-01-16,-.9,
105,강릉,2017-01-17,2.2,
105,강릉,2017-01-18,3.1,
105,강릉,2017-01-19,2.4,
105,강릉,2017-01-20,-1.4,24
105,강릉,2017-01-21,-2.1,
105,강릉,2017-01-22,-4.1,
105,강릉,2017-01-23,-5.4,
105,강릉,2017-01-24,-2.9,
105,강릉,2017-01-25,-.6,
105,강릉,2017-01-26,2.7,
105,강릉,2017-01-27,3.3,0
105,강릉,2017-01-28,2.3,
105,강릉,2017-01-29,3,4.5
105,강릉,2017-01-30,-.2,12
105,강릉,2017-01-31,-.8,
105,강릉,2017-02-01,.5,
105,강릉,2017-02-02,3.3,
105,강릉,2017-02-03,5.1,
105,강릉,2017-02-04,7.8,
105,강릉,2017-02-05,6.1,
105,강릉,2017-02-06,2.1,
105,강릉,2017-02-07,1.6,
105,강릉,2017-02-08,3,
105,강릉,2017-02-09,-1,
105,강릉,2017-02-10,-4.1,
105,강릉,2017-02-11,-2.1,
105,강릉,2017-02-12,.9,
105,강릉,2017-02-13,2.5,
105,강릉,2017-02-14,1.9,
105,강릉,2017-02-15,7.2,
105,강릉,2017-02-16,12.1,
105,강릉,2017-02-17,7.6,
105,강릉,2017-02-18,1.8,
105,강릉,2017-02-19,4.9,
105,강릉,2017-02-20,4.3,
105,강릉,2017-02-21,1.5,
105,강릉,2017-02-22,4,3.5
105,강릉,2017-02-23,3.2,
105,강릉,2017-02-24,2,
105,강릉,2017-02-25,5.1,
105,강릉,2017-02-26,3.6,
105,강릉,2017-02-27,4.7,
105,강릉,2017-02-28,8.7,
105,강릉,2017-03-01,8.5,3
105,강릉,2017-03-02,3.2,16
105,강릉,2017-03-03,6.5,
105,강릉,2017-03-04,7,
105,강릉,2017-03-05,6.6,
105,강릉,2017-03-06,3.6,
105,강릉,2017-03-07,1.3,
105,강릉,2017-03-08,2.1,
105,강릉,2017-03-09,5.7,
105,강릉,2017-03-10,5.3,
105,강릉,2017-03-11,8.8,
105,강릉,2017-03-12,11.2,
105,강릉,2017-03-13,6.9,
105,강릉,2017-03-14,2.6,7.5
105,강릉,2017-03-15,3.7,
105,강릉,2017-03-16,6.1,
105,강릉,2017-03-17,8.7,
105,강릉,2017-03-18,12,
105,강릉,2017-03-19,10.5,
105,강릉,2017-03-20,12,
105,강릉,2017-03-21,6.1,12
105,강릉,2017-03-22,8,
105,강릉,2017-03-23,7,.5
105,강릉,2017-03-24,6.7,
105,강릉,2017-03-25,6,2
105,강릉,2017-03-26,6.3,1
105,강릉,2017-03-27,7.1,
105,강릉,2017-03-28,9.1,
105,강릉,2017-03-29,11.6,
105,강릉,2017-03-30,12.2,
105,강릉,2017-03-31,7.2,6.5
105,강릉,2017-04-01,5.8,8
105,강릉,2017-04-02,9.7,.5
105,강릉,2017-04-03,16.5,
105,강릉,2017-04-04,17.3,
105,강릉,2017-04-05,15,3
105,강릉,2017-04-06,15.1,2
105,강릉,2017-04-07,14.9,
105,강릉,2017-04-08,16.1,
105,강릉,2017-04-09,10.6,6.5
105,강릉,2017-04-10,10.1,
105,강릉,2017-04-11,11,1
105,강릉,2017-04-12,12.6,
105,강릉,2017-04-13,14.8,
105,강릉,2017-04-14,17.4,2.5
105,강릉,2017-04-15,20.7,
105,강릉,2017-04-16,23,
105,강릉,2017-04-17,13.8,13.5
105,강릉,2017-04-18,13.9,2.5
105,강릉,2017-04-19,14.3,
105,강릉,2017-04-20,15.6,
105,강릉,2017-04-21,13.1,
105,강릉,2017-04-22,13.5,.3
105,강릉,2017-04-23,19,
105,강릉,2017-04-24,19.7,
105,강릉,2017-04-25,18.5,
105,강릉,2017-04-26,14.3,
105,강릉,2017-04-27,14,
105,강릉,2017-04-28,17.7,
105,강릉,2017-04-29,19.9,0
105,강릉,2017-04-30,23.3,
105,강릉,2017-05-01,16,
105,강릉,2017-05-02,15.2,
105,강릉,2017-05-03,18.7,
105,강릉,2017-05-04,21.1,
105,강릉,2017-05-05,23.6,
105,강릉,2017-05-06,18.8,
105,강릉,2017-05-07,19.7,
105,강릉,2017-05-08,22.8,
105,강릉,2017-05-09,14.9,1.5
105,강릉,2017-05-10,15,1
105,강릉,2017-05-11,22.8,
105,강릉,2017-05-12,22.8,
105,강릉,2017-05-13,16.7,8.5
105,강릉,2017-05-14,18.7,
105,강릉,2017-05-15,17.6,
105,강릉,2017-05-16,16.5,
105,강릉,2017-05-17,19.1,
105,강릉,2017-05-18,24.7,
105,강릉,2017-05-19,27.3,
105,강릉,2017-05-20,26.4,
105,강릉,2017-05-21,24.7,
105,강릉,2017-05-22,17.7,
105,강릉,2017-05-23,19.1,
105,강릉,2017-05-24,18.8,13.5
105,강릉,2017-05-25,19.8,
105,강릉,2017-05-26,14,.5
105,강릉,2017-05-27,17.3,
105,강릉,2017-05-28,24.4,
105,강릉,2017-05-29,24.2,
105,강릉,2017-05-30,26.7,
105,강릉,2017-05-31,25.1,
105,강릉,2017-06-01,18.5,11
105,강릉,2017-06-02,16.5,.2
105,강릉,2017-06-03,17.7,
105,강릉,2017-06-04,18.9,2
105,강릉,2017-06-05,17.7,
105,강릉,2017-06-06,17.1,4
105,강릉,2017-06-07,16.7,1
105,강릉,2017-06-08,23.9,
105,강릉,2017-06-09,24.7,
105,강릉,2017-06-10,19.3,0
105,강릉,2017-06-11,17.2,
105,강릉,2017-06-12,17.1,
105,강릉,2017-06-13,18.4,1
105,강릉,2017-06-14,23.8,
105,강릉,2017-06-15,23,
105,강릉,2017-06-16,20.1,
105,강릉,2017-06-17,21,
105,강릉,2017-06-18,22.9,
105,강릉,2017-06-19,24.2,
105,강릉,2017-06-20,23.4,
105,강릉,2017-06-21,22.7,0
105,강릉,2017-06-22,25.1,
105,강릉,2017-06-23,22.8,
105,강릉,2017-06-24,21.4,5
105,강릉,2017-06-25,21.6,
105,강릉,2017-06-26,21.5,3
105,강릉,2017-06-27,22.8,
105,강릉,2017-06-28,22.9,
105,강릉,2017-06-29,24.1,
105,강릉,2017-06-30,29,
105,강릉,2017-07-01,28.2,2
105,강릉,2017-07-02,24.1,95.5
105,강릉,2017-07-03,24.4,29.5
105,강릉,2017-07-04,23.2,6
105,강릉,2017-07-05,24.8,
105,강릉,2017-07-06,25.1,
105,강릉,2017-07-07,24.1,.5
105,강릉,2017-07-08,26.4,23.5
105,강릉,2017-07-09,30,.2
105,강릉,2017-07-10,27,5.5
105,강릉,2017-07-11,28.8,14.5
105,강릉,2017-07-12,31.2,
105,강릉,2017-07-13,31.8,
105,강릉,2017-07-14,31.2,
105,강릉,2017-07-15,28.7,2
105,강릉,2017-07-16,28.7,10
105,강릉,2017-07-17,30.7,
105,강릉,2017-07-18,29.7,
105,강릉,2017-07-19,30.1,
105,강릉,2017-07-20,31,
105,강릉,2017-07-21,31.6,.4
105,강릉,2017-07-22,23.5,21
105,강릉,2017-07-23,22.9,11.5
105,강릉,2017-07-24,24.2,4
105,강릉,2017-07-25,24.5,1
105,강릉,2017-07-26,24.5,
105,강릉,2017-07-27,24,0
105,강릉,2017-07-28,23.4,4
105,강릉,2017-07-29,23.2,5
105,강릉,2017-07-30,25.6,
105,강릉,2017-07-31,23,2
105,강릉,2017-08-01,24.1,.1
105,강릉,2017-08-02,24.5,.5
105,강릉,2017-08-03,25.1,
105,강릉,2017-08-04,27.1,
105,강릉,2017-08-05,27.5,
105,강릉,2017-08-06,27.4,3.5
105,강릉,2017-08-07,27,5.5
105,강릉,2017-08-08,27.8,
105,강릉,2017-08-09,24.4,21.5
105,강릉,2017-08-10,23.3,48
105,강릉,2017-08-11,23.1,83.5
105,강릉,2017-08-12,23.5,
105,강릉,2017-08-13,23.2,.5
105,강릉,2017-08-14,22.2,29
105,강릉,2017-08-15,22.1,92.5
105,강릉,2017-08-16,20.9,57
105,강릉,2017-08-17,21.4,11.5
105,강릉,2017-08-18,23.1,15.5
105,강릉,2017-08-19,22.5,9.5
105,강릉,2017-08-20,22.4,19.5
105,강릉,2017-08-21,25,3
105,강릉,2017-08-22,27.8,1
105,강릉,2017-08-23,28.3,4
105,강릉,2017-08-24,28.4,29.5
105,강릉,2017-08-25,26.3,
105,강릉,2017-08-26,24.1,
105,강릉,2017-08-27,22.9,
105,강릉,2017-08-28,23.9,9
105,강릉,2017-08-29,20.9,0
105,강릉,2017-08-30,21,
105,강릉,2017-08-31,21.1,
105,강릉,2017-09-01,20.2,
105,강릉,2017-09-02,19.9,
105,강릉,2017-09-03,20.9,
105,강릉,2017-09-04,22.9,
105,강릉,2017-09-05,20.8,
105,강릉,2017-09-06,22.2,.3
105,강릉,2017-09-07,23.5,
105,강릉,2017-09-08,25,
105,강릉,2017-09-09,24.6,
105,강릉,2017-09-10,23.3,
105,강릉,2017-09-11,19,14
105,강릉,2017-09-12,22.1,
105,강릉,2017-09-13,20.5,
105,강릉,2017-09-14,20.2,
105,강릉,2017-09-15,19.9,.1
105,강릉,2017-09-16,19.6,.2
105,강릉,2017-09-17,18.4,6
105,강릉,2017-09-18,22,
105,강릉,2017-09-19,22.4,13.5
105,강릉,2017-09-20,20.8,
105,강릉,2017-09-21,20,
105,강릉,2017-09-22,20.6,
105,강릉,2017-09-23,21.9,
105,강릉,2017-09-24,22.5,
105,강릉,2017-09-25,22.3,
105,강릉,2017-09-26,22.5,0
105,강릉,2017-09-27,20.5,7.6
105,강릉,2017-09-28,20.1,4
105,강릉,2017-09-29,18.1,
105,강릉,2017-09-30,21.9,
105,강릉,2017-10-01,20.2,1
105,강릉,2017-10-02,17.8,9.5
105,강릉,2017-10-03,14.7,19
105,강릉,2017-10-04,15.1,.2
105,강릉,2017-10-05,16.3,
105,강릉,2017-10-06,15.5,17
105,강릉,2017-10-07,17.9,4.5
105,강릉,2017-10-08,19.7,
105,강릉,2017-10-09,21.1,
105,강릉,2017-10-10,18.1,10.5
105,강릉,2017-10-11,15.5,24
105,강릉,2017-10-12,13.5,1
105,강릉,2017-10-13,12.4,.1
105,강릉,2017-10-14,13.2,
105,강릉,2017-10-15,14,
105,강릉,2017-10-16,15,
105,강릉,2017-10-17,15.2,
105,강릉,2017-10-18,13.8,2
105,강릉,2017-10-19,14.4,.5
105,강릉,2017-10-20,15.3,
105,강릉,2017-10-21,15.1,
105,강릉,2017-10-22,14,.2
105,강릉,2017-10-23,12.3,
105,강릉,2017-10-24,11.6,
105,강릉,2017-10-25,14.5,
105,강릉,2017-10-26,15.1,
105,강릉,2017-10-27,15.7,
105,강릉,2017-10-28,16,
105,강릉,2017-10-29,13.9,25
105,강릉,2017-10-30,10.4,0
105,강릉,2017-10-31,13.2,
105,강릉,2017-11-01,15.6,
105,강릉,2017-11-02,16.3,
105,강릉,2017-11-03,13.9,4
105,강릉,2017-11-04,8.8,33
105,강릉,2017-11-05,12.1,
105,강릉,2017-11-06,15.7,
105,강릉,2017-11-07,17.4,
105,강릉,2017-11-08,17.1,
105,강릉,2017-11-09,11.8,
105,강릉,2017-11-10,14.9,.3
105,강릉,2017-11-11,7.9,
105,강릉,2017-11-12,9.9,
105,강릉,2017-11-13,12.4,
105,강릉,2017-11-14,10.5,
105,강릉,2017-11-15,5.4,
105,강릉,2017-11-16,4.1,
105,강릉,2017-11-17,7.6,
105,강릉,2017-11-18,2.5,
105,강릉,2017-11-19,1.6,
105,강릉,2017-11-20,3.4,
105,강릉,2017-11-21,5.8,
105,강릉,2017-11-22,7.5,
105,강릉,2017-11-23,2.9,
105,강릉,2017-11-24,2.1,
105,강릉,2017-11-25,4.8,4
105,강릉,2017-11-26,5.5,.2
105,강릉,2017-11-27,6.7,
105,강릉,2017-11-28,11.5,
105,강릉,2017-11-29,10.6,
105,강릉,2017-11-30,4.5,
105,강릉,2017-12-01,.8,
105,강릉,2017-12-02,4.4,
105,강릉,2017-12-03,7.5,
105,강릉,2017-12-04,3.5,
105,강릉,2017-12-05,-2.3,
105,강릉,2017-12-06,1.9,0
105,강릉,2017-12-07,4,
105,강릉,2017-12-08,-.2,
105,강릉,2017-12-09,2.2,
105,강릉,2017-12-10,4.6,0
105,강릉,2017-12-11,-4.3,
105,강릉,2017-12-12,-5.7,
105,강릉,2017-12-13,-2.7,
105,강릉,2017-12-14,-.3,
105,강릉,2017-12-15,2.5,
105,강릉,2017-12-16,-1.8,
105,강릉,2017-12-17,-3.9,
105,강릉,2017-12-18,1.9,
105,강릉,2017-12-19,-.9,
105,강릉,2017-12-20,1,
105,강릉,2017-12-21,3.3,
105,강릉,2017-12-22,5.7,
105,강릉,2017-12-23,8.9,
105,강릉,2017-12-24,5.4,5.5
105,강릉,2017-12-25,.5,
105,강릉,2017-12-26,-.9,
105,강릉,2017-12-27,-2.8,
105,강릉,2017-12-28,.7,
105,강릉,2017-12-29,4.6,
105,강릉,2017-12-30,5.5,
105,강릉,2017-12-31,3.6,
105,강릉,2018-01-01,1.3,
105,강릉,2018-01-02,2.5,
105,강릉,2018-01-03,-.4,
105,강릉,2018-01-04,.1,
105,강릉,2018-01-05,2.2,
105,강릉,2018-01-06,1.8,
105,강릉,2018-01-07,3.9,
105,강릉,2018-01-08,5.6,
105,강릉,2018-01-09,-1.5,
105,강릉,2018-01-10,-4.4,
105,강릉,2018-01-11,-7.7,
105,강릉,2018-01-12,-6.6,
105,강릉,2018-01-13,-.7,
105,강릉,2018-01-14,3.6,
105,강릉,2018-01-15,8.5,
105,강릉,2018-01-16,7.5,
105,강릉,2018-01-17,5.8,1
105,강릉,2018-01-18,6.2,
105,강릉,2018-01-19,4.6,
105,강릉,2018-01-20,4.1,
105,강릉,2018-01-21,3,
105,강릉,2018-01-22,2.1,1.5
105,강릉,2018-01-23,-7.3,
105,강릉,2018-01-24,-10.6,
105,강릉,2018-01-25,-8.9,
105,강릉,2018-01-26,-9.3,
105,강릉,2018-01-27,-3.7,
105,강릉,2018-01-28,-1.4,
105,강릉,2018-01-29,-5.7,
105,강릉,2018-01-30,-2.7,
105,강릉,2018-01-31,.7,
105,강릉,2018-02-01,-.9,
105,강릉,2018-02-02,-.6,
105,강릉,2018-02-03,-3,0
105,강릉,2018-02-04,-6.4,
105,강릉,2018-02-05,-6.9,
105,강릉,2018-02-06,-7.4,
105,강릉,2018-02-07,-4.6,
105,강릉,2018-02-08,-.1,
105,강릉,2018-02-09,3.6,
105,강릉,2018-02-10,3.6,
105,강릉,2018-02-11,-4.4,
105,강릉,2018-02-12,-4.1,
105,강릉,2018-02-13,.3,
105,강릉,2018-02-14,7.1,
105,강릉,2018-02-15,.9,
105,강릉,2018-02-16,2.4,
105,강릉,2018-02-17,.5,
105,강릉,2018-02-18,1.6,
105,강릉,2018-02-19,4.4,
105,강릉,2018-02-20,4.2,
105,강릉,2018-02-21,.3,
105,강릉,2018-02-22,2.8,
105,강릉,2018-02-23,6.2,
105,강릉,2018-02-24,1.9,
105,강릉,2018-02-25,2.3,
105,강릉,2018-02-26,2.6,
105,강릉,2018-02-27,4.3,
105,강릉,2018-02-28,4.7,52
105,강릉,2018-03-01,3.3,2
105,강릉,2018-03-02,3.9,
105,강릉,2018-03-03,12.8,
105,강릉,2018-03-04,11.8,14
105,강릉,2018-03-05,1,36
105,강릉,2018-03-06,2.6,
105,강릉,2018-03-07,4,2.5
105,강릉,2018-03-08,2,16
105,강릉,2018-03-09,1.3,1.5
105,강릉,2018-03-10,6.2,
105,강릉,2018-03-11,5.9,
105,강릉,2018-03-12,10.6,
105,강릉,2018-03-13,16.9,
105,강릉,2018-03-14,19.1,
105,강릉,2018-03-15,13.3,6
105,강릉,2018-03-16,2,1.5
105,강릉,2018-03-17,6,
105,강릉,2018-03-18,10.2,
105,강릉,2018-03-19,6.9,12
105,강릉,2018-03-20,3.1,
105,강릉,2018-03-21,1.6,2.5
105,강릉,2018-03-22,4.2,
105,강릉,2018-03-23,9,
105,강릉,2018-03-24,13.2,
105,강릉,2018-03-25,16.8,
105,강릉,2018-03-26,18.7,
105,강릉,2018-03-27,18.9,
105,강릉,2018-03-28,19.6,
105,강릉,2018-03-29,12.7,
105,강릉,2018-03-30,10.3,
105,강릉,2018-03-31,17.2,
105,강릉,2018-04-01,19.1,
105,강릉,2018-04-02,22.1,
105,강릉,2018-04-03,17.3,.3
105,강릉,2018-04-04,6.2,27
105,강릉,2018-04-05,6.3,6.5
105,강릉,2018-04-06,7.5,8
105,강릉,2018-04-07,5.4,0
105,강릉,2018-04-08,5.5,1.5
105,강릉,2018-04-09,9.6,
105,강릉,2018-04-10,17.2,
105,강릉,2018-04-11,17.6,.5
105,강릉,2018-04-12,15,
105,강릉,2018-04-13,11.2,
105,강릉,2018-04-14,8.2,26.5
105,강릉,2018-04-15,11.5,.1
105,강릉,2018-04-16,11.3,
105,강릉,2018-04-17,14.1,
105,강릉,2018-04-18,18.9,
105,강릉,2018-04-19,21.8,
105,강릉,2018-04-20,22.1,
105,강릉,2018-04-21,26.6,
105,강릉,2018-04-22,13,4.5
105,강릉,2018-04-23,8.5,52.5
105,강릉,2018-04-24,8.3,24
105,강릉,2018-04-25,12,
105,강릉,2018-04-26,18.6,
105,강릉,2018-04-27,13.9,
105,강릉,2018-04-28,20.8,
105,강릉,2018-04-29,23.4,
105,강릉,2018-04-30,20.9,
105,강릉,2018-05-01,15,
105,강릉,2018-05-02,11,17.5
105,강릉,2018-05-03,10.3,.5
105,강릉,2018-05-04,16.7,
105,강릉,2018-05-05,21.5,
105,강릉,2018-05-06,16.1,10.5
105,강릉,2018-05-07,14.9,1
105,강릉,2018-05-08,10.9,6.5
105,강릉,2018-05-09,10,
105,강릉,2018-05-10,16.7,
105,강릉,2018-05-11,21.8,
105,강릉,2018-05-12,16.3,1.5
105,강릉,2018-05-13,17.4,.5
105,강릉,2018-05-14,23.9,
105,강릉,2018-05-15,26.9,
105,강릉,2018-05-16,24.8,2
105,강릉,2018-05-17,20,50
105,강릉,2018-05-18,10.7,69
105,강릉,2018-05-19,13.4,
105,강릉,2018-05-20,13.3,
105,강릉,2018-05-21,13.8,
105,강릉,2018-05-22,15.5,2.5
105,강릉,2018-05-23,17.5,.5
105,강릉,2018-05-24,23.1,
105,강릉,2018-05-25,24.2,
105,강릉,2018-05-26,17.5,
105,강릉,2018-05-27,16.4,.1
105,강릉,2018-05-28,17.4,
105,강릉,2018-05-29,18.2,.5
105,강릉,2018-05-30,19.5,.3
105,강릉,2018-05-31,20.7,
105,강릉,2018-06-01,24.1,
105,강릉,2018-06-02,28,
105,강릉,2018-06-03,27.1,
105,강릉,2018-06-04,25.7,
105,강릉,2018-06-05,25.5,
105,강릉,2018-06-06,26.8,
105,강릉,2018-06-07,28,
105,강릉,2018-06-08,23.9,
105,강릉,2018-06-09,18.2,.1
105,강릉,2018-06-10,16.8,.5
105,강릉,2018-06-11,16.2,.5
105,강릉,2018-06-12,16.7,
105,강릉,2018-06-13,17.4,
105,강릉,2018-06-14,18.5,
105,강릉,2018-06-15,18,
105,강릉,2018-06-16,17.9,
105,강릉,2018-06-17,20.8,
105,강릉,2018-06-18,21.7,
105,강릉,2018-06-19,23.7,
105,강릉,2018-06-20,23.4,
105,강릉,2018-06-21,23.7,
105,강릉,2018-06-22,27.8,
105,강릉,2018-06-23,28.8,
105,강릉,2018-06-24,30,
105,강릉,2018-06-25,25.6,
105,강릉,2018-06-26,21.1,21.5
105,강릉,2018-06-27,25.1,
105,강릉,2018-06-28,25.5,16
105,강릉,2018-06-29,25.6,
105,강릉,2018-06-30,23.9,
105,강릉,2018-07-01,21.4,43.5
105,강릉,2018-07-02,22.6,23.5
105,강릉,2018-07-03,24.7,6.5
105,강릉,2018-07-04,22.4,47
105,강릉,2018-07-05,20.2,10.5
105,강릉,2018-07-06,18.2,22.5
105,강릉,2018-07-07,17.5,4
105,강릉,2018-07-08,17.8,
105,강릉,2018-07-09,18,17.5
105,강릉,2018-07-10,19.3,4.5
105,강릉,2018-07-11,20.1,12
105,강릉,2018-07-12,28,
105,강릉,2018-07-13,30.7,
105,강릉,2018-07-14,31.4,
105,강릉,2018-07-15,31.8,
105,강릉,2018-07-16,31.8,
105,강릉,2018-07-17,31.8,
105,강릉,2018-07-18,28.9,
105,강릉,2018-07-19,29.6,
105,강릉,2018-07-20,31.5,
105,강릉,2018-07-21,32.5,
105,강릉,2018-07-22,32.8,
105,강릉,2018-07-23,31.8,
105,강릉,2018-07-24,31.2,
105,강릉,2018-07-25,31.1,
105,강릉,2018-07-26,32.2,
105,강릉,2018-07-27,30.6,
105,강릉,2018-07-28,28.7,
105,강릉,2018-07-29,27.1,.5
105,강릉,2018-07-30,26.2,3.5
105,강릉,2018-07-31,28.2,
105,강릉,2018-08-01,28.8,
105,강릉,2018-08-02,28.6,
105,강릉,2018-08-03,29.7,
105,강릉,2018-08-04,33.9,
105,강릉,2018-08-05,32.2,
105,강릉,2018-08-06,24.9,200
105,강릉,2018-08-07,26.5,.2
105,강릉,2018-08-08,26.7,0
105,강릉,2018-08-09,26.4,.5
105,강릉,2018-08-10,24.6,7
105,강릉,2018-08-11,25.7,
105,강릉,2018-08-12,26.5,
105,강릉,2018-08-13,28.6,
105,강릉,2018-08-14,29,1
105,강릉,2018-08-15,27.6,
105,강릉,2018-08-16,24.5,26
105,강릉,2018-08-17,22.5,.2
105,강릉,2018-08-18,23.5,
105,강릉,2018-08-19,23.8,
105,강릉,2018-08-20,24.5,
105,강릉,2018-08-21,27.4,.2
105,강릉,2018-08-22,26.7,
105,강릉,2018-08-23,25.1,2
105,강릉,2018-08-24,24.4,38.5
105,강릉,2018-08-25,25.3,
105,강릉,2018-08-26,24.3,4.5
105,강릉,2018-08-27,22.5,64
105,강릉,2018-08-28,22.2,36
105,강릉,2018-08-29,23.2,36.5
105,강릉,2018-08-30,27.1,1.5
105,강릉,2018-08-31,24.4,1
105,강릉,2018-09-01,22.2,.1
105,강릉,2018-09-02,21.3,
105,강릉,2018-09-03,21.6,37
105,강릉,2018-09-04,22.4,29
105,강릉,2018-09-05,25,
105,강릉,2018-09-06,25.3,
105,강릉,2018-09-07,22.8,
105,강릉,2018-09-08,20.5,
105,강릉,2018-09-09,19.4,8
105,강릉,2018-09-10,18.9,3.5
105,강릉,2018-09-11,18.7,
105,강릉,2018-09-12,19,
105,강릉,2018-09-13,19.6,
105,강릉,2018-09-14,20.1,1.5
105,강릉,2018-09-15,21,3
105,강릉,2018-09-16,22.1,1
105,강릉,2018-09-17,22,
105,강릉,2018-09-18,20.9,
105,강릉,2018-09-19,21.1,.5
105,강릉,2018-09-20,17.7,36
105,강릉,2018-09-21,17.7,31
105,강릉,2018-09-22,21.3,
105,강릉,2018-09-23,19.3,
105,강릉,2018-09-24,17.3,
105,강릉,2018-09-25,17.2,8.5
105,강릉,2018-09-26,16.7,2
105,강릉,2018-09-27,16.4,.1
105,강릉,2018-09-28,15.9,
105,강릉,2018-09-29,18,
105,강릉,2018-09-30,19.6,
105,강릉,2018-10-01,17.1,
105,강릉,2018-10-02,17.5,
105,강릉,2018-10-03,17.3,
105,강릉,2018-10-04,17.1,4
105,강릉,2018-10-05,15.7,56.5
105,강릉,2018-10-06,17.1,144.5
105,강릉,2018-10-07,20.4,
105,강릉,2018-10-08,15.3,
105,강릉,2018-10-09,15.9,
105,강릉,2018-10-10,14.6,
105,강릉,2018-10-11,11.8,
105,강릉,2018-10-12,11.9,
105,강릉,2018-10-13,13.7,
105,강릉,2018-10-14,15.1,
105,강릉,2018-10-15,15.8,
105,강릉,2018-10-16,14.5,10
105,강릉,2018-10-17,12.3,2
105,강릉,2018-10-18,11.7,27.5
105,강릉,2018-10-19,12.6,.5
105,강릉,2018-10-20,13.6,
105,강릉,2018-10-21,14.2,
105,강릉,2018-10-22,14.8,
105,강릉,2018-10-23,14.5,.5
105,강릉,2018-10-24,13.9,
105,강릉,2018-10-25,14.7,
105,강릉,2018-10-26,15,
105,강릉,2018-10-27,10.9,
105,강릉,2018-10-28,9.8,2.5
105,강릉,2018-10-29,9.9,
105,강릉,2018-10-30,8.6,
105,강릉,2018-10-31,8.4,
105,강릉,2018-11-01,9.9,
105,강릉,2018-11-02,12.4,
105,강릉,2018-11-03,14.8,
105,강릉,2018-11-04,14.4,
105,강릉,2018-11-05,13.3,0
105,강릉,2018-11-06,13.8,
105,강릉,2018-11-07,12.9,5.5
105,강릉,2018-11-08,11.5,31
105,강릉,2018-11-09,14.4,.1
105,강릉,2018-11-10,13.4,
105,강릉,2018-11-11,11,
105,강릉,2018-11-12,8.9,3
105,강릉,2018-11-13,9.9,5
105,강릉,2018-11-14,8.3,5
105,강릉,2018-11-15,10.5,
105,강릉,2018-11-16,12.1,
105,강릉,2018-11-17,8.9,
105,강릉,2018-11-18,10,
105,강릉,2018-11-19,8.5,
105,강릉,2018-11-20,8.9,
105,강릉,2018-11-21,8.8,.2
105,강릉,2018-11-22,5,
105,강릉,2018-11-23,3.5,
105,강릉,2018-11-24,5,1.5
105,강릉,2018-11-25,8.5,
105,강릉,2018-11-26,10.9,
105,강릉,2018-11-27,12.1,
105,강릉,2018-11-28,7,
105,강릉,2018-11-29,6.3,
105,강릉,2018-11-30,6.1,
105,강릉,2018-12-01,6.7,
105,강릉,2018-12-02,9.1,
105,강릉,2018-12-03,10.9,2.5
105,강릉,2018-12-04,10.8,13.5
105,강릉,2018-12-05,4.8,.4
105,강릉,2018-12-06,4.5,5
105,강릉,2018-12-07,-2.9,
105,강릉,2018-12-08,-4.8,
105,강릉,2018-12-09,-2.9,
105,강릉,2018-12-10,-.8,
105,강릉,2018-12-11,.8,1.5
105,강릉,2018-12-12,.8,
105,강릉,2018-12-13,1,
105,강릉,2018-12-14,-1.2,
105,강릉,2018-12-15,2.7,
105,강릉,2018-12-16,5.1,
105,강릉,2018-12-17,5,
105,강릉,2018-12-18,4.5,
105,강릉,2018-12-19,8,
105,강릉,2018-12-20,5.3,
105,강릉,2018-12-21,6.8,
105,강릉,2018-12-22,9.2,
105,강릉,2018-12-23,6.6,
105,강릉,2018-12-24,2.4,
105,강릉,2018-12-25,3.3,
105,강릉,2018-12-26,4.6,
105,강릉,2018-12-27,-4.3,
105,강릉,2018-12-28,-5.1,
105,강릉,2018-12-29,-4.1,
105,강릉,2018-12-30,-2.7,
105,강릉,2018-12-31,.3,
105,강릉,2019-01-01,-.7,
105,강릉,2019-01-02,0,
105,강릉,2019-01-03,1.2,
105,강릉,2019-01-04,3.8,
105,강릉,2019-01-05,1.9,
105,강릉,2019-01-06,1.9,
105,강릉,2019-01-07,2.6,
105,강릉,2019-01-08,.9,
105,강릉,2019-01-09,.1,
105,강릉,2019-01-10,4.4,
105,강릉,2019-01-11,3.1,
105,강릉,2019-01-12,3.3,2
105,강릉,2019-01-13,3.7,
105,강릉,2019-01-14,5.5,
105,강릉,2019-01-15,2.6,
105,강릉,2019-01-16,-1.6,
105,강릉,2019-01-17,2.7,
105,강릉,2019-01-18,4.4,
105,강릉,2019-01-19,5.7,
105,강릉,2019-01-20,3.7,
105,강릉,2019-01-21,2.1,
105,강릉,2019-01-22,4.7,
105,강릉,2019-01-23,5.5,
105,강릉,2019-01-24,2.7,
105,강릉,2019-01-25,1.3,1.5
105,강릉,2019-01-26,0,.1
105,강릉,2019-01-27,3.8,
105,강릉,2019-01-28,4.1,
105,강릉,2019-01-29,3.7,
105,강릉,2019-01-30,8.3,
105,강릉,2019-01-31,2.4,13
105,강릉,2019-02-01,.3,
105,강릉,2019-02-02,4.9,
105,강릉,2019-02-03,4.9,9
105,강릉,2019-02-04,4.3,
105,강릉,2019-02-05,6.3,
105,강릉,2019-02-06,6.7,
105,강릉,2019-02-07,1.9,2.5
105,강릉,2019-02-08,-1.5,
105,강릉,2019-02-09,-.5,
105,강릉,2019-02-10,-.6,
105,강릉,2019-02-11,1.3,
105,강릉,2019-02-12,1.4,
105,강릉,2019-02-13,.2,
105,강릉,2019-02-14,-.2,
105,강릉,2019-02-15,3,
105,강릉,2019-02-16,.9,
105,강릉,2019-02-17,2.7,
105,강릉,2019-02-18,5.7,
105,강릉,2019-02-19,3.9,6
105,강릉,2019-02-20,4.3,
105,강릉,2019-02-21,5.3,
105,강릉,2019-02-22,6.1,
105,강릉,2019-02-23,4.9,.2
105,강릉,2019-02-24,9.5,
105,강릉,2019-02-25,7.9,
105,강릉,2019-02-26,6,
105,강릉,2019-02-27,8.3,
105,강릉,2019-02-28,7.1,
105,강릉,2019-03-01,7.3,
105,강릉,2019-03-02,8.5,
105,강릉,2019-03-03,9.7,
105,강릉,2019-03-04,8.9,
105,강릉,2019-03-05,12.2,
105,강릉,2019-03-06,9.5,6
105,강릉,2019-03-07,5.8,5
105,강릉,2019-03-08,9.6,
105,강릉,2019-03-09,13.2,
105,강릉,2019-03-10,9.1,.5
105,강릉,2019-03-11,8.3,
105,강릉,2019-03-12,6.6,.5
105,강릉,2019-03-13,4.6,
105,강릉,2019-03-14,6.3,
105,강릉,2019-03-15,5.5,9.5
105,강릉,2019-03-16,5.9,.6
105,강릉,2019-03-17,7.4,
105,강릉,2019-03-18,12.3,
105,강릉,2019-03-19,17,
105,강릉,2019-03-20,16.9,9.5
105,강릉,2019-03-21,11.1,4.5
105,강릉,2019-03-22,5.4,
105,강릉,2019-03-23,5,1
105,강릉,2019-03-24,6.9,
105,강릉,2019-03-25,11.4,
105,강릉,2019-03-26,12.6,
105,강릉,2019-03-27,12.8,.5
105,강릉,2019-03-28,5.7,10
105,강릉,2019-03-29,7.3,
105,강릉,2019-03-30,7.7,2
105,강릉,2019-03-31,5.7,
105,강릉,2019-04-01,5.6,
105,강릉,2019-04-02,7.2,
105,강릉,2019-04-03,10,
105,강릉,2019-04-04,14.2,
105,강릉,2019-04-05,12.8,
105,강릉,2019-04-06,11.6,2.5
105,강릉,2019-04-07,11.4,
105,강릉,2019-04-08,9.7,
105,강릉,2019-04-09,8.2,11.5
105,강릉,2019-04-10,4.8,22
105,강릉,2019-04-11,8.5,
105,강릉,2019-04-12,12.2,
105,강릉,2019-04-13,15.5,
105,강릉,2019-04-14,11.3,
105,강릉,2019-04-15,14.2,
105,강릉,2019-04-16,19.7,
105,강릉,2019-04-17,20.3,
105,강릉,2019-04-18,18.1,
105,강릉,2019-04-19,10.8,
105,강릉,2019-04-20,14.2,
105,강릉,2019-04-21,15.3,
105,강릉,2019-04-22,14,
105,강릉,2019-04-23,19.1,
105,강릉,2019-04-24,18.1,5.5
105,강릉,2019-04-25,10.8,7
105,강릉,2019-04-26,7.8,36.5
105,강릉,2019-04-27,11.6,
105,강릉,2019-04-28,14.1,
105,강릉,2019-04-29,12.7,.5
105,강릉,2019-04-30,13,
105,강릉,2019-05-01,16.5,
105,강릉,2019-05-02,19.3,
105,강릉,2019-05-03,16.9,
105,강릉,2019-05-04,17.3,
105,강릉,2019-05-05,22.3,
105,강릉,2019-05-06,12.2,2
105,강릉,2019-05-07,17.8,
105,강릉,2019-05-08,20.7,
105,강릉,2019-05-09,22.3,
105,강릉,2019-05-10,21.3,
105,강릉,2019-05-11,19.8,
105,강릉,2019-05-12,14.4,
105,강릉,2019-05-13,16.2,
105,강릉,2019-05-14,18.9,
105,강릉,2019-05-15,18.8,
105,강릉,2019-05-16,20.7,
105,강릉,2019-05-17,24.3,
105,강릉,2019-05-18,22,0
105,강릉,2019-05-19,19.8,2
105,강릉,2019-05-20,20.1,
105,강릉,2019-05-21,20.1,
105,강릉,2019-05-22,23.3,
105,강릉,2019-05-23,26.1,
105,강릉,2019-05-24,29,
105,강릉,2019-05-25,29.6,
105,강릉,2019-05-26,28.4,
105,강릉,2019-05-27,22.4,.5
105,강릉,2019-05-28,21.2,
105,강릉,2019-05-29,22.7,
105,강릉,2019-05-30,24.3,
105,강릉,2019-05-31,21.8,
105,강릉,2019-06-01,23.6,
105,강릉,2019-06-02,23.2,
105,강릉,2019-06-03,26.2,
105,강릉,2019-06-04,28.8,
105,강릉,2019-06-05,20.8,
105,강릉,2019-06-06,18.6,10.5
105,강릉,2019-06-07,17,69
105,강릉,2019-06-08,18.3,
105,강릉,2019-06-09,17.6,2
105,강릉,2019-06-10,16.2,3.5
105,강릉,2019-06-11,15.9,1.5
105,강릉,2019-06-12,17.6,
105,강릉,2019-06-13,22.9,
105,강릉,2019-06-14,21.7,4.5
105,강릉,2019-06-15,18.3,20.5
105,강릉,2019-06-16,17.6,4
105,강릉,2019-06-17,20.8,
105,강릉,2019-06-18,22.8,7.5
105,강릉,2019-06-19,24.8,1.5
105,강릉,2019-06-20,26.8,
105,강릉,2019-06-21,20.5,0
105,강릉,2019-06-22,19.9,
105,강릉,2019-06-23,20.1,
105,강릉,2019-06-24,22.2,.2
105,강릉,2019-06-25,23.9,
105,강릉,2019-06-26,23.4,1.5
105,강릉,2019-06-27,23.4,2.5
105,강릉,2019-06-28,21.6,
105,강릉,2019-06-29,22.7,3.5
105,강릉,2019-06-30,26.1,
105,강릉,2019-07-01,26.6,
105,강릉,2019-07-02,25.4,
105,강릉,2019-07-03,26,
105,강릉,2019-07-04,26.9,
105,강릉,2019-07-05,26.3,
105,강릉,2019-07-06,24.5,.2
105,강릉,2019-07-07,22.3,.5
105,강릉,2019-07-08,20.9,5
105,강릉,2019-07-09,20.9,2.5
105,강릉,2019-07-10,18.9,53.5
105,강릉,2019-07-11,19.8,100.5
105,강릉,2019-07-12,23.5,
105,강릉,2019-07-13,25.8,
105,강릉,2019-07-14,21.7,1
105,강릉,2019-07-15,22.6,7
105,강릉,2019-07-16,22.4,1.5
105,강릉,2019-07-17,24.2,
105,강릉,2019-07-18,27.1,
105,강릉,2019-07-19,25.8,3
105,강릉,2019-07-20,23.7,17.5
105,강릉,2019-07-21,26.3,8
105,강릉,2019-07-22,30.6,
105,강릉,2019-07-23,31.2,
105,강릉,2019-07-24,30.3,
105,강릉,2019-07-25,30.5,1.5
105,강릉,2019-07-26,25.9,13.5
105,강릉,2019-07-27,28.3,.5
105,강릉,2019-07-28,29,5
105,강릉,2019-07-29,30.6,.1
105,강릉,2019-07-30,31.4,
105,강릉,2019-07-31,31.4,
105,강릉,2019-08-01,31.4,
105,강릉,2019-08-02,30.6,
105,강릉,2019-08-03,27.9,
105,강릉,2019-08-04,27.4,
105,강릉,2019-08-05,28.5,
105,강릉,2019-08-06,26.5,2.5
105,강릉,2019-08-07,26.9,58
105,강릉,2019-08-08,30,.4
105,강릉,2019-08-09,30.2,
105,강릉,2019-08-10,27.3,
105,강릉,2019-08-11,25.7,17
105,강릉,2019-08-12,28,.1
105,강릉,2019-08-13,25.7,
105,강릉,2019-08-14,25.6,.3
105,강릉,2019-08-15,24.3,161.5
105,강릉,2019-08-16,27,4.5
105,강릉,2019-08-17,27.6,
105,강릉,2019-08-18,25.9,
105,강릉,2019-08-19,24.8,
105,강릉,2019-08-20,24.4,
105,강릉,2019-08-21,25.7,.2
105,강릉,2019-08-22,26.5,
105,강릉,2019-08-23,26.6,
105,강릉,2019-08-24,24.4,
105,강릉,2019-08-25,23.4,19.5
105,강릉,2019-08-26,24.9,
105,강릉,2019-08-27,23.8,.5
105,강릉,2019-08-28,25.1,
105,강릉,2019-08-29,25.2,
105,강릉,2019-08-30,25.3,
105,강릉,2019-08-31,24.5,
105,강릉,2019-09-01,24,
105,강릉,2019-09-02,24.1,
105,강릉,2019-09-03,20.7,23.5
105,강릉,2019-09-04,22,25.5
105,강릉,2019-09-05,23.6,23.5
105,강릉,2019-09-06,24.1,1
105,강릉,2019-09-07,27.3,2
105,강릉,2019-09-08,27.3,
105,강릉,2019-09-09,25.8,.1
105,강릉,2019-09-10,22.5,1.5
105,강릉,2019-09-11,20.1,41.5
105,강릉,2019-09-12,19.9,.2
105,강릉,2019-09-13,20.4,
105,강릉,2019-09-14,22.9,
105,강릉,2019-09-15,20.6,14.5
105,강릉,2019-09-16,19.8,
105,강릉,2019-09-17,20.6,
105,강릉,2019-09-18,21.1,
105,강릉,2019-09-19,19.7,
105,강릉,2019-09-20,19.5,
105,강릉,2019-09-21,17.6,15
105,강릉,2019-09-22,16.6,78.5
105,강릉,2019-09-23,16.5,6.5
105,강릉,2019-09-24,19.3,
105,강릉,2019-09-25,19.7,
105,강릉,2019-09-26,20.4,
105,강릉,2019-09-27,20.3,
105,강릉,2019-09-28,21.4,
105,강릉,2019-09-29,23.8,
105,강릉,2019-09-30,22.3,
105,강릉,2019-10-01,21.5,
105,강릉,2019-10-02,21.2,61
105,강릉,2019-10-03,20.3,310
105,강릉,2019-10-04,19.9,
105,강릉,2019-10-05,15.7,57.5
105,강릉,2019-10-06,14.5,.1
105,강릉,2019-10-07,16.1,0
105,강릉,2019-10-08,17.1,
105,강릉,2019-10-09,16.6,
105,강릉,2019-10-10,17.7,
105,강릉,2019-10-11,18.4,.2
105,강릉,2019-10-12,18.6,
105,강릉,2019-10-13,15.6,
105,강릉,2019-10-14,15.1,92
105,강릉,2019-10-15,11.9,8
105,강릉,2019-10-16,15.4,
105,강릉,2019-10-17,15.5,
105,강릉,2019-10-18,15.1,1.5
105,강릉,2019-10-19,16.5,
105,강릉,2019-10-20,17.4,
105,강릉,2019-10-21,17,
105,강릉,2019-10-22,16.2,
105,강릉,2019-10-23,16.4,.2
105,강릉,2019-10-24,17.2,1
105,강릉,2019-10-25,16.1,4.5
105,강릉,2019-10-26,14.4,
105,강릉,2019-10-27,13.1,
105,강릉,2019-10-28,14.2,
105,강릉,2019-10-29,15.8,
105,강릉,2019-10-30,15.2,
105,강릉,2019-10-31,18.1,
105,강릉,2019-11-01,16.7,
105,강릉,2019-11-02,16.4,
105,강릉,2019-11-03,12.6,13.5
105,강릉,2019-11-04,12.3,
105,강릉,2019-11-05,15.4,
105,강릉,2019-11-06,14.5,
105,강릉,2019-11-07,12.3,
105,강릉,2019-11-08,11.1,
105,강릉,2019-11-09,9.5,1.5
105,강릉,2019-11-10,12.2,
105,강릉,2019-11-11,13.6,
105,강릉,2019-11-12,10.8,
105,강릉,2019-11-13,12.1,0
105,강릉,2019-11-14,4.6,
105,강릉,2019-11-15,8.7,.5
105,강릉,2019-11-16,10.9,
105,강릉,2019-11-17,11,5
105,강릉,2019-11-18,9.3,8.5
105,강릉,2019-11-19,3.3,
105,강릉,2019-11-20,4.5,
105,강릉,2019-11-21,7.1,
105,강릉,2019-11-22,10.7,
105,강릉,2019-11-23,12.3,
105,강릉,2019-11-24,16.1,.2
105,강릉,2019-11-25,6.5,30.5
105,강릉,2019-11-26,7.5,
105,강릉,2019-11-27,8.2,17
105,강릉,2019-11-28,3.9,28
105,강릉,2019-11-29,4.8,0
105,강릉,2019-11-30,8.4,
105,강릉,2019-12-01,8.4,.1
105,강릉,2019-12-02,4.1,
105,강릉,2019-12-03,2.4,
105,강릉,2019-12-04,4.3,
105,강릉,2019-12-05,1.1,
105,강릉,2019-12-06,.3,
105,강릉,2019-12-07,3.3,
105,강릉,2019-12-08,5.2,
105,강릉,2019-12-09,8.3,
105,강릉,2019-12-10,9.4,
105,강릉,2019-12-11,8.6,
105,강릉,2019-12-12,3.1,
105,강릉,2019-12-13,5.1,
105,강릉,2019-12-14,5.6,0
105,강릉,2019-12-15,7.5,
105,강릉,2019-12-16,9.7,
105,강릉,2019-12-17,12.7,
105,강릉,2019-12-18,6.9,5
105,강릉,2019-12-19,5.2,
105,강릉,2019-12-20,2.6,
105,강릉,2019-12-21,3.7,
105,강릉,2019-12-22,5.4,
105,강릉,2019-12-23,6.3,
105,강릉,2019-12-24,4.4,
105,강릉,2019-12-25,6.9,
105,강릉,2019-12-26,5.7,0
105,강릉,2019-12-27,2.5,
105,강릉,2019-12-28,3.7,
105,강릉,2019-12-29,6.7,
105,강릉,2019-12-30,8.3,0
105,강릉,2019-12-31,-2.4,
105,강릉,2020-01-01,1.7,
105,강릉,2020-01-02,3.7,
105,강릉,2020-01-03,5.6,
105,강릉,2020-01-04,5,
105,강릉,2020-01-05,4.6,
105,강릉,2020-01-06,6.1,.1
105,강릉,2020-01-07,6.5,50
105,강릉,2020-01-08,7.1,9.1
105,강릉,2020-01-09,3.9,
105,강릉,2020-01-10,5,
105,강릉,2020-01-11,4.2,
105,강릉,2020-01-12,3.4,
105,강릉,2020-01-13,1.3,
105,강릉,2020-01-14,1.2,
105,강릉,2020-01-15,1.9,
105,강릉,2020-01-16,2,
105,강릉,2020-01-17,3,2.9
105,강릉,2020-01-18,3.9,3.7
105,강릉,2020-01-19,4.1,
105,강릉,2020-01-20,3.7,
105,강릉,2020-01-21,2.8,
105,강릉,2020-01-22,7.1,
105,강릉,2020-01-23,7.2,
105,강릉,2020-01-24,4.4,7
105,강릉,2020-01-25,5.7,
105,강릉,2020-01-26,5.2,7.2
105,강릉,2020-01-27,6.6,3.2
105,강릉,2020-01-28,6.7,5.8
105,강릉,2020-01-29,5.6,1.1
105,강릉,2020-01-30,2.6,17.4
105,강릉,2020-01-31,3.2,
105,강릉,2020-02-01,4.8,
105,강릉,2020-02-02,5,
105,강릉,2020-02-03,3.2,
105,강릉,2020-02-04,2.7,
105,강릉,2020-02-05,-2.1,
105,강릉,2020-02-06,-2.6,
105,강릉,2020-02-07,2.3,
105,강릉,2020-02-08,1.9,1.6
105,강릉,2020-02-09,2.6,
105,강릉,2020-02-10,4.5,
105,강릉,2020-02-11,8.1,
105,강릉,2020-02-12,9.2,4.5
105,강릉,2020-02-13,11.5,
105,강릉,2020-02-14,10.9,
105,강릉,2020-02-15,10.6,0
105,강릉,2020-02-16,3.1,5
105,강릉,2020-02-17,-2.1,
105,강릉,2020-02-18,.6,
105,강릉,2020-02-19,4.7,
105,강릉,2020-02-20,6.6,
105,강릉,2020-02-21,8.8,
105,강릉,2020-02-22,6.2,0
105,강릉,2020-02-23,6,
105,강릉,2020-02-24,11.3,
105,강릉,2020-02-25,6.5,43.5
105,강릉,2020-02-26,4,22.1
105,강릉,2020-02-27,3.9,.8
105,강릉,2020-02-28,6.6,0
105,강릉,2020-02-29,7.4,
105,강릉,2020-03-01,8,0
105,강릉,2020-03-02,5.9,.5
105,강릉,2020-03-03,6.8,0
105,강릉,2020-03-04,5.5,0
105,강릉,2020-03-05,3.4,
105,강릉,2020-03-06,6.1,
105,강릉,2020-03-07,6.9,
105,강릉,2020-03-08,8.1,
105,강릉,2020-03-09,10.1,
105,강릉,2020-03-10,8.1,17.3
105,강릉,2020-03-11,6.6,
105,강릉,2020-03-12,11.3,
105,강릉,2020-03-13,8,
105,강릉,2020-03-14,6.5,
105,강릉,2020-03-15,4.6,6.9
105,강릉,2020-03-16,5.6,5.3
105,강릉,2020-03-17,8.2,.1
105,강릉,2020-03-18,13.7,
105,강릉,2020-03-19,12.2,.3
105,강릉,2020-03-20,11.5,
105,강릉,2020-03-21,14,4.9
105,강릉,2020-03-22,9.8,
105,강릉,2020-03-23,8.9,
105,강릉,2020-03-24,8.6,
105,강릉,2020-03-25,10.9,
105,강릉,2020-03-26,16.3,
105,강릉,2020-03-27,9.9,11.6
105,강릉,2020-03-28,6.4,
105,강릉,2020-03-29,6.9,.2
105,강릉,2020-03-30,9.8,
105,강릉,2020-03-31,12.1,
105,강릉,2020-04-01,9.3,5.2
105,강릉,2020-04-02,11.8,
105,강릉,2020-04-03,15.3,
105,강릉,2020-04-04,8.7,
105,강릉,2020-04-05,7.3,
105,강릉,2020-04-06,11.3,
105,강릉,2020-04-07,13.1,
105,강릉,2020-04-08,8.2,4.1
105,강릉,2020-04-09,8.6,
105,강릉,2020-04-10,8.9,
105,강릉,2020-04-11,11.3,
105,강릉,2020-04-12,7.7,15.8
105,강릉,2020-04-13,9.4,
105,강릉,2020-04-14,17.6,
105,강릉,2020-04-15,13.9,
105,강릉,2020-04-16,10.9,
105,강릉,2020-04-17,11.7,1.4
105,강릉,2020-04-18,10.6,1.3
105,강릉,2020-04-19,10.2,23.3
105,강릉,2020-04-20,11.9,8.7
105,강릉,2020-04-21,9.5,
105,강릉,2020-04-22,8,
105,강릉,2020-04-23,9.4,
105,강릉,2020-04-24,12.3,
105,강릉,2020-04-25,17,0
105,강릉,2020-04-26,10.6,5
105,강릉,2020-04-27,10.7,.8
105,강릉,2020-04-28,16.8,
105,강릉,2020-04-29,19.8,
105,강릉,2020-04-30,21.4,
105,강릉,2020-05-01,26.3,
105,강릉,2020-05-02,24.9,
105,강릉,2020-05-03,23.1,0
105,강릉,2020-05-04,17.2,.3
105,강릉,2020-05-05,15.2,
105,강릉,2020-05-06,15.8,
105,강릉,2020-05-07,15.3,
105,강릉,2020-05-08,16.3,.9
105,강릉,2020-05-09,15.2,26.7
105,강릉,2020-05-10,19.2,
105,강릉,2020-05-11,20.9,
105,강릉,2020-05-12,18.4,
105,강릉,2020-05-13,20,
105,강릉,2020-05-14,24.3,
105,강릉,2020-05-15,17.3,10
105,강릉,2020-05-16,15.9,
105,강릉,2020-05-17,18.5,
105,강릉,2020-05-18,15.7,22.1
105,강릉,2020-05-19,12.2,26
105,강릉,2020-05-20,10.8,5
105,강릉,2020-05-21,13,
105,강릉,2020-05-22,14.1,4.1
105,강릉,2020-05-23,16.5,0
105,강릉,2020-05-24,19.4,.4
105,강릉,2020-05-25,21.7,
105,강릉,2020-05-26,19.8,0
105,강릉,2020-05-27,20.1,
105,강릉,2020-05-28,19.8,
105,강릉,2020-05-29,19.6,
105,강릉,2020-05-30,20.8,
105,강릉,2020-05-31,20,
105,강릉,2020-06-01,23.8,
105,강릉,2020-06-02,22,
105,강릉,2020-06-03,25.1,
105,강릉,2020-06-04,27.6,
105,강릉,2020-06-05,20,
105,강릉,2020-06-06,19.8,
105,강릉,2020-06-07,22.3,
105,강릉,2020-06-08,28.5,
105,강릉,2020-06-09,29.5,
105,강릉,2020-06-10,26.9,3.4
105,강릉,2020-06-11,26.3,.6
105,강릉,2020-06-12,23.2,
105,강릉,2020-06-13,27.4,
105,강릉,2020-06-14,27.9,
105,강릉,2020-06-15,27.4,
105,강릉,2020-06-16,24.8,
105,강릉,2020-06-17,27.1,
105,강릉,2020-06-18,22.9,
105,강릉,2020-06-19,19.1,.3
105,강릉,2020-06-20,21.9,
105,강릉,2020-06-21,23.3,
105,강릉,2020-06-22,26.6,
105,강릉,2020-06-23,22.9,
105,강릉,2020-06-24,21.2,13.8
105,강릉,2020-06-25,20.5,
105,강릉,2020-06-26,24.5,
105,강릉,2020-06-27,26,.1
105,강릉,2020-06-28,23.2,
105,강릉,2020-06-29,22.2,2.2
105,강릉,2020-06-30,18.7,250
105,강릉,2020-07-01,19.5,6.7
105,강릉,2020-07-02,24.3,
105,강릉,2020-07-03,22.1,
105,강릉,2020-07-04,21.8,.5
105,강릉,2020-07-05,26,
105,강릉,2020-07-06,24.5,
105,강릉,2020-07-07,24.7,
105,강릉,2020-07-08,24,.4
105,강릉,2020-07-09,22.8,
105,강릉,2020-07-10,22,22.5
105,강릉,2020-07-11,20,8.2
105,강릉,2020-07-12,20,.7
105,강릉,2020-07-13,18.5,49
105,강릉,2020-07-14,18.3,42.2
105,강릉,2020-07-15,19.1,0
105,강릉,2020-07-16,21.2,
105,강릉,2020-07-17,22.3,
105,강릉,2020-07-18,21.6,
105,강릉,2020-07-19,22.4,0
105,강릉,2020-07-20,28,0
105,강릉,2020-07-21,27.1,
105,강릉,2020-07-22,24.6,
105,강릉,2020-07-23,21.6,30.1
105,강릉,2020-07-24,20.5,121.8
105,강릉,2020-07-25,20.9,54.5
105,강릉,2020-07-26,21.2,4.8
105,강릉,2020-07-27,20.8,1.5
105,강릉,2020-07-28,21.3,3.9
105,강릉,2020-07-29,21.8,19.4
105,강릉,2020-07-30,22.9,9.7
105,강릉,2020-07-31,29.4,
105,강릉,2020-08-01,27.7,.8
105,강릉,2020-08-02,27.7,3.9
105,강릉,2020-08-03,27.2,10.3
105,강릉,2020-08-04,25.6,4.7
105,강릉,2020-08-05,22.7,7.9
105,강릉,2020-08-06,24.1,5.8
105,강릉,2020-08-07,25.7,.3
105,강릉,2020-08-08,21.9,8.4
105,강릉,2020-08-09,23.4,1.7
105,강릉,2020-08-10,25,9.5
105,강릉,2020-08-11,25.6,17.5
105,강릉,2020-08-12,30.4,
105,강릉,2020-08-13,31,
105,강릉,2020-08-14,31.4,.9
105,강릉,2020-08-15,27.9,37.9
105,강릉,2020-08-16,30,
105,강릉,2020-08-17,30.5,
105,강릉,2020-08-18,31.2,
105,강릉,2020-08-19,31.6,
105,강릉,2020-08-20,26.8,3.7
105,강릉,2020-08-21,22.7,.7
105,강릉,2020-08-22,23.1,11.3
105,강릉,2020-08-23,24.6,2.1
105,강릉,2020-08-24,27.1,
105,강릉,2020-08-25,30.2,
105,강릉,2020-08-26,26.4,.1
105,강릉,2020-08-27,30.1,0
105,강릉,2020-08-28,29.4,.4
105,강릉,2020-08-29,29.2,.2
105,강릉,2020-08-30,24.3,21.9
105,강릉,2020-08-31,23.2,.4
105,강릉,2020-09-01,25.1,.2
105,강릉,2020-09-02,23.9,154.4
105,강릉,2020-09-03,25.9,77
105,강릉,2020-09-04,24.7,
105,강릉,2020-09-05,21.6,0
105,강릉,2020-09-06,18.5,31.7
105,강릉,2020-09-07,22.2,236.2
105,강릉,2020-09-08,25.4,
105,강릉,2020-09-09,23.3,6.5
105,강릉,2020-09-10,23.3,
105,강릉,2020-09-11,20.7,.2
105,강릉,2020-09-12,18.8,52.5
105,강릉,2020-09-13,17.6,11.1
105,강릉,2020-09-14,21,
105,강릉,2020-09-15,21.7,
105,강릉,2020-09-16,22.7,.2
105,강릉,2020-09-17,21.8,
105,강릉,2020-09-18,21.7,
105,강릉,2020-09-19,20.8,
105,강릉,2020-09-20,19.1,
105,강릉,2020-09-21,17.8,
105,강릉,2020-09-22,16.7,
105,강릉,2020-09-23,17.2,2.7
105,강릉,2020-09-24,18.5,20.4
105,강릉,2020-09-25,18.6,8.7
105,강릉,2020-09-26,17.8,5.2
105,강릉,2020-09-27,17.5,1.7
105,강릉,2020-09-28,17.9,
105,강릉,2020-09-29,19.1,
105,강릉,2020-09-30,18.1,5.1
105,강릉,2020-10-01,16.9,.5
105,강릉,2020-10-02,20.6,
105,강릉,2020-10-03,19.4,.1
105,강릉,2020-10-04,19.9,
105,강릉,2020-10-05,15.6,
105,강릉,2020-10-06,13.7,
105,강릉,2020-10-07,14.1,
105,강릉,2020-10-08,15.4,
105,강릉,2020-10-09,16.5,
105,강릉,2020-10-10,15.8,
105,강릉,2020-10-11,15.1,
105,강릉,2020-10-12,16.7,
105,강릉,2020-10-13,14.7,
105,강릉,2020-10-14,14.2,
105,강릉,2020-10-15,12.3,
105,강릉,2020-10-16,13.8,
105,강릉,2020-10-17,13.3,
105,강릉,2020-10-18,15.5,
105,강릉,2020-10-19,14.9,
105,강릉,2020-10-20,15.4,
105,강릉,2020-10-21,15.6,
105,강릉,2020-10-22,17,
105,강릉,2020-10-23,11.9,
105,강릉,2020-10-24,11.6,
105,강릉,2020-10-25,16.1,
105,강릉,2020-10-26,14.3,
105,강릉,2020-10-27,15.7,
105,강릉,2020-10-28,15.2,
105,강릉,2020-10-29,11,
105,강릉,2020-10-30,11.3,
105,강릉,2020-10-31,13.4,
105,강릉,2020-11-01,15.7,
105,강릉,2020-11-02,13.1,
105,강릉,2020-11-03,8,
105,강릉,2020-11-04,8,
105,강릉,2020-11-05,13.8,
105,강릉,2020-11-06,17,
105,강릉,2020-11-07,17.5,
105,강릉,2020-11-08,11,
105,강릉,2020-11-09,8.3,
105,강릉,2020-11-10,8.1,
105,강릉,2020-11-11,10.3,
105,강릉,2020-11-12,15.2,
105,강릉,2020-11-13,14.5,
105,강릉,2020-11-14,11.6,
105,강릉,2020-11-15,14.9,
105,강릉,2020-11-16,14.8,0
105,강릉,2020-11-17,15.5,
105,강릉,2020-11-18,19,
105,강릉,2020-11-19,19.9,7.7
105,강릉,2020-11-20,8.2,
105,강릉,2020-11-21,7.8,
105,강릉,2020-11-22,9.7,
105,강릉,2020-11-23,6.7,
105,강릉,2020-11-24,6.5,
105,강릉,2020-11-25,8.3,
105,강릉,2020-11-26,7.7,
105,강릉,2020-11-27,7.3,
105,강릉,2020-11-28,4,
105,강릉,2020-11-29,3,
105,강릉,2020-11-30,3.6,
105,강릉,2020-12-01,3.3,
105,강릉,2020-12-02,4.7,
105,강릉,2020-12-03,5,
105,강릉,2020-12-04,3.6,
105,강릉,2020-12-05,5.2,
105,강릉,2020-12-06,6.2,
105,강릉,2020-12-07,6,
105,강릉,2020-12-08,2.4,
105,강릉,2020-12-09,5.5,
105,강릉,2020-12-10,8,
105,강릉,2020-12-11,7.5,
105,강릉,2020-12-12,5.9,
105,강릉,2020-12-13,.9,.9
105,강릉,2020-12-14,-3.8,
105,강릉,2020-12-15,-5.1,
105,강릉,2020-12-16,-4.1,
105,강릉,2020-12-17,-.9,
105,강릉,2020-12-18,2.2,
105,강릉,2020-12-19,-.5,
105,강릉,2020-12-20,.4,
105,강릉,2020-12-21,2.8,
105,강릉,2020-12-22,4.8,
105,강릉,2020-12-23,7.9,
105,강릉,2020-12-24,6.5,
105,강릉,2020-12-25,1.6,
105,강릉,2020-12-26,5.4,
105,강릉,2020-12-27,8.4,
105,강릉,2020-12-28,8.7,
105,강릉,2020-12-29,5.4,
105,강릉,2020-12-30,-5.3,
105,강릉,2020-12-31,-5.3,
